Ticket Number,Status,Creator Area,Use Case,Subject,Priority,Description,Start,SLA Ticket,Network Element Identifier,Loc Identifier,Assignee Area,Response Subject,Response Description
Z_INM200900A001,Open,G-RAN-FO-VFRO-SO,Network-Incident,Backhaul Degradation,4,Automated alarm for OXVOWF7: backhaul degradation - immediate action required,1/1/2026 0:09,1/3/2026 0:09,OXVOWF7,DZR1Y,G-CORE-OPS,,
Z_INM200430A001,Closed,G-RAN-BO-VFRO-ZV,Network-Incident,Fiber Cut Detected,5,Automated alarm for OXV9XUY: fiber cut detected - immediate action required,1/1/2026 0:51,1/4/2026 0:51,OXV9XUY,OCWBF,G-RAN-BO-VFRO-ZV,Issue resolved,Signal fluctuation detected; no persistent fault found.
Z_NEV200399A001,Noticed,G-RAN-FO-VFRO-NW,Network-Event,Planned Maintenance Window,5,NMS alert triggered for OXV1SWJ; event: planned maintenance window,1/1/2026 16:27,1/4/2026 16:27,OXV1SWJ,3RZSJ,G-RAN-BO-VFRO-ZV,,
Z_INM200784A001,In Progress,G-TX-OPS,Network-Incident,Packet Loss High,4,Automated alarm for OXV9MX2: packet loss high - immediate action required,1/1/2026 16:46,1/3/2026 16:46,OXV9MX2,4NLZ1,G-CORE-OPS,Workaround applied,"Temporary degradation observed, system self-recovered."
Z_NEV200239A001,Closed,G-RAN-FO-VFRO-NW,Network-Event,Automated Recovery Triggered,4,RoboNOC ticket for OXV3W5U; detected event: automated recovery triggered,1/10/2026 7:30,1/12/2026 7:30,OXV3W5U,MYX44,G-IP-OPS,Issue resolved,"Temporary degradation observed, system self-recovered."
Z_NBL200866A001,Open,G-RAN-FO-VFRO-NW,Network-Build,Tower Installation,5,Planned activity on OXVZCYW - tower installation,1/10/2026 7:42,1/13/2026 7:42,OXVZCYW,DZR1Y,G-RAN-FO-VFRO-ZV,,
Z_SRM200828A001,Closed,G-RAN-FO-VFRO-SO,Change-Request,Parameter Optimization,3,Change request for OXV7Y6W: parameter optimization,1/11/2026 12:01,1/12/2026 12:01,OXV7Y6W,IGATJ,G-IP-OPS,Behoben,Vendor dispatched for hardware replacement.
Z_SRM200277A001,Open,G-RAN-FO-VFRO-ZV,Change-Request,Fiber Re-route,3,Change request for OXV5LXO: fiber re-route,1/11/2026 12:54,1/12/2026 12:54,OXV5LXO,WX7PT,G-CORE-OPS,,
Z_NBL200254A001,Closed,G-RAN-FO-VFRO-NW,Network-Build,Cabinet Installation,5,Change request for OXV08J3: cabinet installation,1/11/2026 12:56,1/14/2026 12:56,OXV08J3,QX6GV,G-RAN-FO-VFRO-NW,Root cause fixed,"Software patch applied, alarm cleared after restart. Redundancy failover confirmed working; primary link under repair."
Z_NEV200971A001,In Progress,G-CORE-OPS,Network-Event,Threshold Breach Notification,4,NMS alert triggered for OXV4ZW9; event: threshold breach notification,1/11/2026 14:36,1/13/2026 14:36,OXV4ZW9,KKV9R,G-CORE-OPS,Monitoring ongoing,"Software patch applied, alarm cleared after restart."
Z_PRM200739A001,In Progress,G-RAN-FO-VFRO-ZV,Problem-Management,Systematic Packet Loss Root Cause,4,Problem investigation for recurring systematic packet loss root cause on OXVI4Q2,1/11/2026 4:32,1/13/2026 4:32,OXVI4Q2,L0UKE,G-RAN-FO-VFRO-ZV,Kein Fehler - Ticket zurückgezogen,Ticket correlated with parent problem ticket.
Z_NBL200733A001,Noticed,G-RAN-FO-VFRO-NW,Network-Build,Cabinet Installation,3,Planned activity on OXV5IQV - cabinet installation,1/12/2026 10:05,1/13/2026 10:05,OXV5IQV,UY0BV,G-RAN-BO-VFRO-ZV,,
Z_NEV200516A001,Closed,G-RAN-BO-VFRO-ZV,Network-Event,Planned Maintenance Window,4,Monitoring system detected planned maintenance window on network element OXVY9V8,1/12/2026 12:11,1/14/2026 12:11,OXVY9V8,1GHR0,G-RAN-FO-VFRO-ZV,Behoben,"Fiber splice completed, signal restored to normal levels."
Z_INM200699A001,Closed,G-RAN-BO-VFRO-ZV,Network-Incident,Latency Threshold Exceeded,4,Automated alarm for OXVALA7: latency threshold exceeded - immediate action required,1/12/2026 15:15,1/14/2026 15:15,OXVALA7,2O7S3,G-RAN-FO-VFRO-NW,Root cause fixed,Root cause identified as faulty RRU; replacement scheduled.
Z_NEV200091A001,Closed,G-CORE-OPS,Network-Event,Performance Degradation Detected,3,Automated alarm for OXVUJV6: performance degradation detected - immediate action required,1/12/2026 23:48,1/13/2026 23:48,OXVUJV6,8T63J,G-TX-OPS,Issue resolved,Additional validation checks completed successfully.
Z_SRM200720A001,Closed,G-RAN-FO-VFRO-SO,Change-Request,Capacity Expansion - 5G,4,Planned activity on OXVXO9T - capacity expansion - 5g,1/12/2026 2:45,1/14/2026 2:45,OXVXO9T,KKV9R,G-RAN-BO-VFRO-ZV,Root cause fixed,Capacity threshold updated to prevent future false alerts.
Z_INM200049A001,Assigned,G-TX-OPS,Network-Incident,S1 Setup Failure,4,RoboNOC ticket for OXVZBIK; detected event: s1 setup failure,1/12/2026 3:18,1/14/2026 3:18,OXVZBIK,RBSV5,G-CORE-OPS,,
Z_INM200311A001,Answered,G-TX-OPS,Network-Incident,eNodeB RF Interference,3,Automated alarm for OXVKTAK: enodeb rf interference - immediate action required,1/12/2026 3:47,1/13/2026 3:47,OXVKTAK,90PDW,G-RAN-FO-VFRO-NW,Issue resolved,Root cause identified as faulty RRU; replacement scheduled.
Z_PRM200310A001,Closed,G-RAN-FO-VFRO-SO,Problem-Management,Repeated Power Failure Pattern,4,Analysis of chronic issue: repeated power failure pattern affecting OXV0Y6D,1/13/2026 10:38,1/15/2026 10:38,OXV0Y6D,OCWBF,G-RAN-BO-VFRO-ZV,Behoben,"Configuration rollback performed, service normalized."
Z_INM200542A001,Noticed,G-RAN-FO-VFRO-SO,Network-Incident,Latency Threshold Exceeded,3,Automated alarm for OXVPSEI: latency threshold exceeded - immediate action required,1/13/2026 12:15,1/14/2026 12:15,OXVPSEI,7S55J,G-CORE-OPS,,
Z_PRM200752A001,Closed,G-IP-OPS,Problem-Management,Intermittent Cell Unavailability,2,Analysis of chronic issue: intermittent cell unavailability affecting OXVCQ99,1/13/2026 19:23,1/14/2026 3:23,OXVCQ99,R5UQP,G-RAN-FO-VFRO-ZV,Issue resolved,Network element unreachable briefly; connectivity restored.
Z_INM200171A001,In Progress,G-RAN-FO-VFRO-SO,Network-Incident,Power Failure,5,NMS alert triggered for OXVX7EE; event: power failure,1/13/2026 9:39,1/16/2026 9:39,OXVX7EE,V08HH,G-RAN-FO-VFRO-ZV,Workaround applied,Network element unreachable briefly; connectivity restored.
Z_INM200429A001,Answered,G-TX-OPS,Network-Incident,BTS Out of Service,2,RoboNOC ticket for OXVOHP6; detected event: bts out of service,1/14/2026 12:23,1/14/2026 20:23,OXVOHP6,FTMTT,G-RAN-FO-VFRO-ZV,Issue resolved,"Redundancy failover confirmed working; primary link under repair. Antenna realignment completed, coverage restored."
Z_INM200138A001,Closed,G-CORE-OPS,Network-Incident,BTS Out of Service,4,NMS alert triggered for OXVPBMY; event: bts out of service,1/14/2026 1:03,1/16/2026 1:03,OXVPBMY,3NX39,G-RAN-FO-VFRO-ZV,Behoben,Capacity threshold updated to prevent future false alerts.
Z_INM200463A001,In Progress,G-RAN-FO-VFRO-NW,Network-Incident,Transport Congestion,4,RoboNOC ticket for OXVUHZ1; detected event: transport congestion,1/14/2026 23:42,1/16/2026 23:42,OXVUHZ1,XPJ4H,G-TX-OPS,Escalated to vendor,"Temporary degradation observed, system self-recovered."
Z_SRM200917A001,Closed,G-RAN-BO-VFRO-ZV,Change-Request,Frequency Re-farming,3,Change request for OXVI3QK: frequency re-farming,1/14/2026 4:40,1/15/2026 4:40,OXVI3QK,YLURT,G-IP-OPS,Root cause fixed,Network element unreachable briefly; connectivity restored. Issue correlated with planned maintenance. No action needed.
Z_SRM200453A001,Closed,G-RAN-FO-VFRO-ZV,Change-Request,Hardware Replacement - BBU,3,Scheduled maintenance: hardware replacement - bbu on element OXVTRP0,1/15/2026 16:51,1/16/2026 16:51,OXVTRP0,CBPLJ,G-RAN-FO-VFRO-NW,Root cause fixed,"Fiber splice completed, signal restored to normal levels. Software patch applied, alarm cleared after restart."
Z_INM200318A001,Noticed,G-IP-OPS,Network-Incident,Packet Loss High,4,Automated alarm for OXVXA3K: packet loss high - immediate action required,1/15/2026 18:19,1/17/2026 18:19,OXVXA3K,XTOGN,G-RAN-FO-VFRO-ZV,,
Z_INM200021A001,Assigned,G-RAN-FO-VFRO-SO,Network-Incident,Power Failure,3,RoboNOC ticket for OXVUJV6; detected event: power failure,1/15/2026 19:57,1/16/2026 19:57,OXVUJV6,5BCW7,G-IP-OPS,,
Z_INM200195A001,Noticed,G-RAN-FO-VFRO-NW,Network-Incident,Störung - RBS - Nokia 3G,5,NMS alert triggered for OXVHL9X; event: störung - rbs - nokia 3g,1/15/2026 2:01,1/18/2026 2:01,OXVHL9X,OF8KR,G-RAN-BO-VFRO-ZV,,
Z_PRM200563A001,Closed,G-RAN-FO-VFRO-NW,Problem-Management,Capacity Planning Review,3,Problem investigation for recurring capacity planning review on OXV2GDS,1/15/2026 4:27,1/16/2026 4:27,OXV2GDS,WRDML,G-CORE-OPS,Issue resolved,Hardware module reset remotely. Traffic restored without errors.
Z_INM200953A001,Assigned,G-TX-OPS,Network-Incident,Backhaul Degradation,2,NMS alert triggered for OXVL58K; event: backhaul degradation,1/15/2026 7:42,1/15/2026 15:42,OXVL58K,I1B0Z,G-TX-OPS,,
Z_INM200938A001,Closed,G-RAN-FO-VFRO-NW,Network-Incident,VSWR Alarm,3,NMS alert triggered for OXVNUJZ; event: vswr alarm,1/16/2026 10:42,1/17/2026 10:42,OXVNUJZ,UY0BV,G-TX-OPS,Issue resolved,Additional validation checks completed successfully.
Z_NBL200553A001,In Progress,G-RAN-FO-VFRO-SO,Network-Build,Cabinet Installation,4,Planned activity on OXV3T60 - cabinet installation,1/16/2026 13:16,1/18/2026 13:16,OXV3T60,KKV9R,G-RAN-FO-VFRO-NW,Escalated to vendor,"Software patch applied, alarm cleared after restart."
Z_PRM200116A001,Noticed,G-RAN-BO-VFRO-ZV,Problem-Management,Chronic VSWR Investigation,2,Root cause investigation: chronic vswr investigation - multiple occurrences on OXVZCOT,1/16/2026 15:42,1/16/2026 23:42,OXVZCOT,YV37D,G-RAN-FO-VFRO-NW,,
Z_INM200233A001,In Progress,G-CORE-OPS,Network-Incident,Power Failure,5,Monitoring system detected power failure on network element OXVIR4C,1/16/2026 16:36,1/19/2026 16:36,OXVIR4C,YV37D,G-RAN-BO-VFRO-ZV,Monitoring ongoing,"Software patch applied, alarm cleared after restart."
Z_INM200515A001,Assigned,G-RAN-BO-VFRO-ZV,Network-Incident,Latency Threshold Exceeded,4,RoboNOC ticket for OXV53LC; detected event: latency threshold exceeded,1/16/2026 2:16,1/18/2026 2:16,OXV53LC,QX6GV,G-RAN-FO-VFRO-ZV,,
Z_SRM200423A001,Assigned,G-RAN-FO-VFRO-SO,Change-Request,Fiber Re-route,4,Planned activity on OXVOWF7 - fiber re-route,1/16/2026 6:02,1/18/2026 6:02,OXVOWF7,QLGZU,G-RAN-BO-VFRO-ZV,,
Z_SRM200331A001,Noticed,G-RAN-FO-VFRO-NW,Change-Request,Antenna Swap,3,Change request for OXVL58K: antenna swap,1/16/2026 8:41,1/17/2026 8:41,OXVL58K,2KNFT,G-TX-OPS,,
Z_PRM200935A001,Answered,G-RAN-BO-VFRO-ZV,Problem-Management,Systematic Packet Loss Root Cause,3,Problem investigation for recurring systematic packet loss root cause on OXVVZ41,1/17/2026 14:37,1/18/2026 14:37,OXVVZ41,L8OS9,G-RAN-FO-VFRO-ZV,Issue resolved,"Power module replaced on-site, all services operational."
Z_NEV200741A001,In Progress,G-RAN-FO-VFRO-NW,Network-Event,Threshold Breach Notification,3,RoboNOC ticket for OXV7Y6W; detected event: threshold breach notification,1/17/2026 1:06,1/18/2026 1:06,OXV7Y6W,D96QE,G-RAN-FO-VFRO-NW,Workaround applied,Issue correlated with planned maintenance. No action needed.
Z_NEV200086A001,Closed,G-RAN-BO-VFRO-ZV,Network-Event,Threshold Breach Notification,5,Monitoring system detected threshold breach notification on network element OXVJ43D,1/17/2026 20:13,1/20/2026 20:13,OXVJ43D,D84U8,G-TX-OPS,Issue resolved,Capacity threshold updated to prevent future false alerts.
Z_SRM200758A001,Closed,G-TX-OPS,Change-Request,Frequency Re-farming,3,Planned activity on OXVZHWJ - frequency re-farming,1/17/2026 21:10,1/18/2026 21:10,OXVZHWJ,U2GC5,G-RAN-FO-VFRO-NW,Root cause fixed,"Software patch applied, alarm cleared after restart. Network element unreachable briefly; connectivity restored."
Z_INM200148A001,Noticed,G-RAN-FO-VFRO-SO,Network-Incident,BTS Out of Service,3,Monitoring system detected bts out of service on network element OXVCQ99,1/17/2026 21:22,1/18/2026 21:22,OXVCQ99,7S55J,G-RAN-FO-VFRO-ZV,,
Z_NEV200606A001,Assigned,G-RAN-FO-VFRO-SO,Network-Event,Threshold Breach Notification,4,RoboNOC ticket for OXVRJIW; detected event: threshold breach notification,1/17/2026 8:46,1/19/2026 8:46,OXVRJIW,3NX39,G-RAN-FO-VFRO-NW,,
Z_SRM200406A001,Closed,G-RAN-FO-VFRO-ZV,Change-Request,Antenna Swap,4,Planned activity on OXVQP89 - antenna swap,1/18/2026 0:34,1/20/2026 0:34,OXVQP89,ODRO8,G-RAN-FO-VFRO-ZV,Issue resolved,"Redundancy failover confirmed working; primary link under repair. Power module replaced on-site, all services operational."
Z_INM200025A001,Answered,G-IP-OPS,Network-Incident,Störung - RBS - Ericsson 5G,4,Monitoring system detected störung - rbs - ericsson 5g on network element OXV3W5U,1/18/2026 12:48,1/20/2026 12:48,OXV3W5U,IGATJ,G-IP-OPS,Root cause fixed,Ticket correlated with parent problem ticket. Hardware module reset remotely. Traffic restored without errors.
Z_NBL200682A001,Open,G-TX-OPS,Network-Build,Cabinet Installation,4,Planned activity on OXVGV0E - cabinet installation,1/18/2026 16:34,1/20/2026 16:34,OXVGV0E,QLGZU,G-CORE-OPS,,
Z_INM200538A001,Closed,G-IP-OPS,Network-Incident,Packet Loss High,5,RoboNOC ticket for OXVXA3K; detected event: packet loss high,1/18/2026 20:33,1/21/2026 20:33,OXVXA3K,9SKDG,G-TX-OPS,Issue resolved,"Software patch applied, alarm cleared after restart."
Z_INM200924A001,In Progress,G-RAN-BO-VFRO-ZV,Network-Incident,Latency Threshold Exceeded,5,RoboNOC ticket for OXVXLL4; detected event: latency threshold exceeded,1/18/2026 20:42,1/21/2026 20:42,OXVXLL4,RBSV5,G-IP-OPS,,
Z_INM200020A001,Answered,G-RAN-FO-VFRO-SO,Network-Incident,BTS Out of Service,5,Monitoring system detected bts out of service on network element OXV2D54,1/18/2026 2:42,1/21/2026 2:42,OXV2D54,L0UKE,G-TX-OPS,Behoben,Issue correlated with planned maintenance. No action needed.
Z_NEV200468A001,In Progress,G-RAN-FO-VFRO-ZV,Network-Event,Planned Maintenance Window,3,NMS alert triggered for OXVOKEP; event: planned maintenance window,1/18/2026 7:25,1/19/2026 7:25,OXVOKEP,X63CF,G-CORE-OPS,Escalated to vendor,Signal fluctuation detected; no persistent fault found.
Z_NBL200179A001,Open,G-RAN-FO-VFRO-NW,Network-Build,Cabinet Installation,5,Scheduled maintenance: cabinet installation on element OXVUHZ1,1/19/2026 13:25,1/22/2026 13:25,OXVUHZ1,5PY6B,G-IP-OPS,,
Z_SRM200356A001,In Progress,G-TX-OPS,Change-Request,Capacity Expansion - 5G,3,Scheduled maintenance: capacity expansion - 5g on element OXV43D8,1/19/2026 16:35,1/20/2026 16:35,OXV43D8,WX7PT,G-IP-OPS,No impact confirmed,Signal fluctuation detected; no persistent fault found.
Z_INM200979A001,In Progress,G-IP-OPS,Network-Incident,Fiber Cut Detected,3,Automated alarm for OXVRHOC: fiber cut detected - immediate action required,1/19/2026 1:42,1/20/2026 1:42,OXVRHOC,UK9E1,G-RAN-FO-VFRO-NW,Workaround applied,"Fiber splice completed, signal restored to normal levels."
Z_INM200536A001,In Progress,G-RAN-FO-VFRO-ZV,Network-Incident,Packet Loss High,4,Monitoring system detected packet loss high on network element OXVNAM1,1/19/2026 23:26,1/21/2026 23:26,OXVNAM1,OF8KR,G-IP-OPS,,
Z_INM200009A001,Noticed,G-RAN-BO-VFRO-ZV,Network-Incident,NodeB Degraded,2,Monitoring system detected nodeb degraded on network element OXV55NF,1/19/2026 2:29,1/19/2026 10:29,OXV55NF,OXFQ8,G-RAN-FO-VFRO-NW,,
Z_PRM200564A001,Noticed,G-TX-OPS,Problem-Management,Intermittent Cell Unavailability,3,Analysis of chronic issue: intermittent cell unavailability affecting OXVNAM1,1/2/2026 0:59,1/3/2026 0:59,OXVNAM1,RBSV5,G-RAN-FO-VFRO-NW,,
Z_SRM200681A001,In Progress,G-RAN-BO-VFRO-ZV,Change-Request,Fiber Re-route,4,Change request for OXVOWF7: fiber re-route,1/2/2026 10:41,1/4/2026 10:41,OXVOWF7,OF8KR,G-TX-OPS,Escalated to vendor,Redundancy failover confirmed working; primary link under repair.
Z_PRM200175A001,Closed,G-RAN-FO-VFRO-SO,Problem-Management,Systematic Packet Loss Root Cause,2,Analysis of chronic issue: systematic packet loss root cause affecting OXVLJH7,1/2/2026 13:08,1/2/2026 21:08,OXVLJH7,NRIUU,G-IP-OPS,Behoben,"Power module replaced on-site, all services operational. Power module replaced on-site, all services operational."
Z_INM200378A001,Closed,G-IP-OPS,Network-Incident,Backhaul Degradation,3,RoboNOC ticket for OXVR23G; detected event: backhaul degradation,1/2/2026 14:50,1/3/2026 14:50,OXVR23G,IGATJ,G-RAN-BO-VFRO-ZV,Root cause fixed,"Fiber splice completed, signal restored to normal levels. Configuration rollback performed, service normalized."
Z_NEV200450A001,Open,G-RAN-FO-VFRO-NW,Network-Event,Network Monitoring Alert,3,RoboNOC ticket for OXVUHZ1; detected event: network monitoring alert,1/2/2026 15:30,1/3/2026 15:30,OXVUHZ1,I1B0Z,G-RAN-FO-VFRO-NW,,
Z_INM200937A001,Open,G-RAN-FO-VFRO-SO,Network-Incident,High CPU Usage,3,Monitoring system detected high cpu usage on network element OXVJ43D,1/2/2026 17:20,1/3/2026 17:20,OXVJ43D,FTMTT,G-IP-OPS,,
Z_SRM200906A001,Closed,G-IP-OPS,Change-Request,Configuration Change - Radio,5,Change request for OXVRJIW: configuration change - radio,1/2/2026 18:30,1/5/2026 18:30,OXVRJIW,1GHR0,G-RAN-BO-VFRO-ZV,Root cause fixed,No recurrence observed in the last monitoring window. No recurrence observed in the last monitoring window.
Z_INM200339A001,Closed,G-RAN-FO-VFRO-ZV,Network-Incident,NodeB Degraded,5,Monitoring system detected nodeb degraded on network element OXVNAM1,1/2/2026 18:33,1/5/2026 18:33,OXVNAM1,3R30M,G-RAN-FO-VFRO-NW,Root cause fixed,Redundancy failover confirmed working; primary link under repair.
Z_PRM200112A001,Assigned,G-CORE-OPS,Problem-Management,Capacity Planning Review,2,Problem investigation for recurring capacity planning review on OXVWNNH,1/2/2026 18:36,1/3/2026 2:36,OXVWNNH,DZR1Y,G-RAN-BO-VFRO-ZV,,
Z_PRM200117A001,Open,G-CORE-OPS,Problem-Management,Repeated Power Failure Pattern,3,Root cause investigation: repeated power failure pattern - multiple occurrences on OXVT9NT,1/2/2026 20:02,1/3/2026 20:02,OXVT9NT,OCWBF,G-CORE-OPS,,
Z_INM200702A001,Closed,G-TX-OPS,Network-Incident,eNodeB RF Interference,3,RoboNOC ticket for OXVCQ99; detected event: enodeb rf interference,1/2/2026 4:09,1/3/2026 4:09,OXVCQ99,Y4LYK,G-CORE-OPS,Root cause fixed,Network element unreachable briefly; connectivity restored. Hardware module reset remotely. Traffic restored without errors.
Z_INM200718A001,In Progress,G-CORE-OPS,Network-Incident,Störung - RBS - Nokia 3G,1,RoboNOC ticket for OXVZJA8; detected event: störung - rbs - nokia 3g,1/2/2026 9:40,1/2/2026 13:40,OXVZJA8,L8OS9,G-CORE-OPS,,
Z_INM200080A001,In Progress,G-RAN-FO-VFRO-ZV,Network-Incident,eNodeB RF Interference,3,Monitoring system detected enodeb rf interference on network element OXVHZIO,1/20/2026 10:57,1/21/2026 10:57,OXVHZIO,XTOGN,G-RAN-FO-VFRO-NW,Escalated to vendor,Capacity threshold updated to prevent future false alerts.
Z_SRM200696A001,Closed,G-RAN-FO-VFRO-ZV,Change-Request,Configuration Change - Transport,3,Scheduled maintenance: configuration change - transport on element OXVXLL4,1/20/2026 18:29,1/21/2026 18:29,OXVXLL4,1GHR0,G-RAN-BO-VFRO-ZV,Issue resolved,Ticket correlated with parent problem ticket.
Z_INM200892A001,Answered,G-RAN-FO-VFRO-SO,Network-Incident,Packet Loss High,3,NMS alert triggered for OXV0LVS; event: packet loss high,1/20/2026 1:21,1/21/2026 1:21,OXV0LVS,XTOGN,G-RAN-FO-VFRO-NW,Root cause fixed,Redundancy failover confirmed working; primary link under repair.
Z_NBL200284A001,Open,G-RAN-FO-VFRO-NW,Network-Build,New Site Build - Urban,3,Change request for OXVPNSM: new site build - urban,1/20/2026 1:39,1/21/2026 1:39,OXVPNSM,NRIUU,G-TX-OPS,,
Z_SRM200864A001,Noticed,G-RAN-FO-VFRO-SO,Change-Request,Software Upgrade - Ericsson RAN,4,Change request for OXVTEIY: software upgrade - ericsson ran,1/20/2026 22:49,1/22/2026 22:49,OXVTEIY,MWWYZ,G-RAN-FO-VFRO-NW,,
Z_SRM200022A001,In Progress,G-IP-OPS,Change-Request,Frequency Re-farming,4,Change request for OXVTB94: frequency re-farming,1/20/2026 23:06,1/22/2026 23:06,OXVTB94,3NX39,G-RAN-FO-VFRO-NW,,
Z_INM200780A001,Closed,G-TX-OPS,Network-Incident,VSWR Alarm,2,RoboNOC ticket for OXV1T2T; detected event: vswr alarm,1/20/2026 3:41,1/20/2026 11:41,OXV1T2T,1GHR0,G-RAN-FO-VFRO-NW,Issue resolved,Redundancy failover confirmed working; primary link under repair.
Z_INM200527A001,Open,G-CORE-OPS,Network-Incident,Cell Unavailable,4,RoboNOC ticket for OXVALA7; detected event: cell unavailable,1/20/2026 8:11,1/22/2026 8:11,OXVALA7,1W1HT,G-CORE-OPS,,
Z_SRM200726A001,Closed,G-RAN-BO-VFRO-ZV,Change-Request,Parameter Optimization,5,Planned activity on OXVHZIO - parameter optimization,1/21/2026 11:31,1/24/2026 11:31,OXVHZIO,XTOGN,G-RAN-BO-VFRO-ZV,Issue resolved,"Temporary degradation observed, system self-recovered."
Z_PRM200386A001,Assigned,G-RAN-FO-VFRO-NW,Problem-Management,Capacity Planning Review,2,Problem investigation for recurring capacity planning review on OXV246H,1/21/2026 17:35,1/22/2026 1:35,OXV246H,JJA26,G-RAN-FO-VFRO-NW,,
Z_INM200548A001,In Progress,G-RAN-FO-VFRO-SO,Network-Incident,Cell Unavailable,5,Automated alarm for OXVZJA8: cell unavailable - immediate action required,1/21/2026 17:47,1/24/2026 17:47,OXVZJA8,4NLZ1,G-RAN-FO-VFRO-NW,,
Z_SRM200848A001,Closed,G-RAN-BO-VFRO-ZV,Change-Request,Software Upgrade - Huawei RAN,4,Change request for OXVZHWJ: software upgrade - huawei ran,1/21/2026 1:58,1/23/2026 1:58,OXVZHWJ,GB7R3,G-RAN-FO-VFRO-NW,Root cause fixed,Redundancy failover confirmed working; primary link under repair.
Z_INM200334A001,Answered,G-RAN-FO-VFRO-ZV,Network-Incident,Packet Loss High,4,NMS alert triggered for OXV48P0; event: packet loss high,1/21/2026 4:20,1/23/2026 4:20,OXV48P0,0982N,G-RAN-FO-VFRO-ZV,Issue resolved,Signal fluctuation detected; no persistent fault found.
Z_INM200177A001,Assigned,G-IP-OPS,Network-Incident,Packet Loss High,5,Automated alarm for OXV7E8G: packet loss high - immediate action required,1/21/2026 4:26,1/24/2026 4:26,OXV7E8G,XR2DH,G-RAN-FO-VFRO-ZV,,
Z_SRM200656A001,In Progress,G-TX-OPS,Change-Request,Antenna Swap,3,Planned activity on OXVI3QK - antenna swap,1/21/2026 8:37,1/22/2026 8:37,OXVI3QK,HC36K,G-IP-OPS,No impact confirmed,Root cause identified as faulty RRU; replacement scheduled.
Z_NBL200608A001,Noticed,G-IP-OPS,Network-Build,Tower Installation,4,Scheduled maintenance: tower installation on element OXVD14V,1/22/2026 10:41,1/24/2026 10:41,OXVD14V,OF8KR,G-RAN-BO-VFRO-ZV,,
Z_SRM200555A001,Closed,G-CORE-OPS,Change-Request,Power System Upgrade,3,Change request for OXVC11E: power system upgrade,1/22/2026 12:29,1/23/2026 12:29,OXVC11E,DZR1Y,G-RAN-BO-VFRO-ZV,Behoben,No recurrence observed in the last monitoring window. Signal fluctuation detected; no persistent fault found.
Z_PRM200476A001,In Progress,G-RAN-BO-VFRO-ZV,Problem-Management,Capacity Planning Review,3,Analysis of chronic issue: capacity planning review affecting OXVRHOC,1/22/2026 13:48,1/23/2026 13:48,OXVRHOC,QLGZU,G-RAN-FO-VFRO-ZV,Monitoring ongoing,"Software patch applied, alarm cleared after restart."
Z_INM200301A001,Closed,G-TX-OPS,Network-Incident,Störung - RBS - Ericsson 5G,3,RoboNOC ticket for OXVXO9T; detected event: störung - rbs - ericsson 5g,1/22/2026 1:58,1/23/2026 1:58,OXVXO9T,XPJ4H,G-TX-OPS,Behoben,No recurrence observed in the last monitoring window. No recurrence observed in the last monitoring window.
Z_INM200549A001,Closed,G-RAN-FO-VFRO-SO,Network-Incident,Störung - RBS - Huawei 4G,3,NMS alert triggered for OXVIR4C; event: störung - rbs - huawei 4g,1/22/2026 22:26,1/23/2026 22:26,OXVIR4C,1W1HT,G-TX-OPS,Issue resolved,Vendor dispatched for hardware replacement.
Z_INM200489A001,Answered,G-RAN-FO-VFRO-ZV,Network-Incident,High CPU Usage,3,Automated alarm for OXVZCOT: high cpu usage - immediate action required,1/22/2026 5:40,1/23/2026 5:40,OXVZCOT,OCWBF,G-CORE-OPS,Root cause fixed,Capacity threshold updated to prevent future false alerts. Root cause identified as faulty RRU; replacement scheduled.
Z_NBL200531A001,Closed,G-CORE-OPS,Network-Build,Tower Installation,4,Scheduled maintenance: tower installation on element OXVHE7U,1/22/2026 5:45,1/24/2026 5:45,OXVHE7U,R6K2V,G-RAN-BO-VFRO-ZV,Issue resolved,Root cause identified as faulty RRU; replacement scheduled. Additional validation checks completed successfully.
Z_SRM200616A001,Closed,G-RAN-FO-VFRO-ZV,Change-Request,Antenna Swap,3,Planned activity on OXVIR4C - antenna swap,1/23/2026 20:43,1/24/2026 20:43,OXVIR4C,P49KW,G-IP-OPS,Root cause fixed,"Configuration rollback performed, service normalized."
Z_SRM200088A001,Open,G-IP-OPS,Change-Request,Capacity Expansion - 5G,4,Planned activity on OXV5IQV - capacity expansion - 5g,1/23/2026 22:58,1/25/2026 22:58,OXV5IQV,XR2DH,G-RAN-FO-VFRO-NW,,
Z_INM200582A001,Closed,G-IP-OPS,Network-Incident,Fiber Cut Detected,2,Monitoring system detected fiber cut detected on network element OXVJ43D,1/23/2026 2:58,1/23/2026 10:58,OXVJ43D,1W1HT,G-IP-OPS,Behoben,Manual intervention performed: service restarted and stability confirmed. Hardware module reset remotely. Traffic restored without errors.
Z_INM200141A001,In Progress,G-RAN-FO-VFRO-ZV,Network-Incident,High CPU Usage,3,NMS alert triggered for OXV41IB; event: high cpu usage,1/23/2026 3:04,1/24/2026 3:04,OXV41IB,IA5U6,G-TX-OPS,Escalated to vendor,No recurrence observed in the last monitoring window.
Z_INM200241A001,Open,G-RAN-FO-VFRO-SO,Network-Incident,eNodeB RF Interference,4,RoboNOC ticket for OXVRTJ5; detected event: enodeb rf interference,1/23/2026 3:20,1/25/2026 3:20,OXVRTJ5,2KNFT,G-RAN-FO-VFRO-ZV,,
Z_INM200283A001,In Progress,G-RAN-BO-VFRO-ZV,Network-Incident,Cell Unavailable,4,Automated alarm for OXVX18H: cell unavailable - immediate action required,1/23/2026 6:10,1/25/2026 6:10,OXVX18H,ZQY72,G-RAN-BO-VFRO-ZV,Workaround applied,Hardware module reset remotely. Traffic restored without errors.
Z_INM200159A001,In Progress,G-RAN-FO-VFRO-NW,Network-Incident,Link Down,1,Monitoring system detected link down on network element OXVF8CG,1/24/2026 10:00,1/24/2026 14:00,OXVF8CG,K0GET,G-CORE-OPS,Escalated to vendor,Network element unreachable briefly; connectivity restored.
Z_INM200000A001,In Progress,G-RAN-FO-VFRO-NW,Network-Incident,Störung - RBS - Huawei 4G,3,Monitoring system detected störung - rbs - huawei 4g on network element OXVXLL4,1/24/2026 17:18,1/25/2026 17:18,OXVXLL4,E8F84,G-IP-OPS,,
Z_INM200796A001,Closed,G-RAN-BO-VFRO-ZV,Network-Incident,gNodeB Sync Loss,4,RoboNOC ticket for OXVTVHH; detected event: gnodeb sync loss,1/24/2026 21:34,1/26/2026 21:34,OXVTVHH,WX7PT,G-RAN-FO-VFRO-ZV,Behoben,Capacity threshold updated to prevent future false alerts. Capacity threshold updated to prevent future false alerts.
Z_INM200174A001,Closed,G-RAN-FO-VFRO-NW,Network-Incident,S1 Setup Failure,5,RoboNOC ticket for OXVCQ99; detected event: s1 setup failure,1/24/2026 4:26,1/27/2026 4:26,OXVCQ99,2KNFT,G-IP-OPS,Behoben,Issue correlated with planned maintenance. No action needed. Hardware module reset remotely. Traffic restored without errors.
Z_PRM200212A001,Closed,G-TX-OPS,Problem-Management,Intermittent Cell Unavailability,3,Analysis of chronic issue: intermittent cell unavailability affecting OXVT9NT,1/24/2026 8:33,1/25/2026 8:33,OXVT9NT,X4W6X,G-TX-OPS,Behoben,"Manual intervention performed: service restarted and stability confirmed. Intermittent issue mitigated, root cause still under observation."
Z_NEV200774A001,In Progress,G-RAN-BO-VFRO-ZV,Network-Event,Automated Recovery Triggered,4,Automated alarm for OXV1N13: automated recovery triggered - immediate action required,1/24/2026 9:23,1/26/2026 9:23,OXV1N13,ODRO8,G-RAN-BO-VFRO-ZV,Kein Fehler - Ticket zurückgezogen,"Intermittent issue mitigated, root cause still under observation."
Z_PRM200351A001,Assigned,G-IP-OPS,Problem-Management,Chronic VSWR Investigation,3,Analysis of chronic issue: chronic vswr investigation affecting OXV9XUY,1/25/2026 10:23,1/26/2026 10:23,OXV9XUY,IGATJ,G-RAN-FO-VFRO-NW,,
Z_INM200992A001,Closed,G-RAN-FO-VFRO-NW,Network-Incident,S1 Setup Failure,2,Monitoring system detected s1 setup failure on network element OXVMVIH,1/25/2026 14:29,1/25/2026 22:29,OXVMVIH,V2ISQ,G-RAN-BO-VFRO-ZV,Root cause fixed,Ticket correlated with parent problem ticket. Ticket correlated with parent problem ticket.
Z_NEV200925A001,Open,G-RAN-FO-VFRO-ZV,Network-Event,Network Monitoring Alert,5,Monitoring system detected network monitoring alert on network element OXVZCYW,1/25/2026 14:32,1/28/2026 14:32,OXVZCYW,YV37D,G-RAN-FO-VFRO-ZV,,
Z_INM200151A001,Noticed,G-RAN-BO-VFRO-ZV,Network-Incident,Störung - RBS - Huawei 4G,5,Automated alarm for OXVX18H: störung - rbs - huawei 4g - immediate action required,1/25/2026 15:20,1/28/2026 15:20,OXVX18H,UK9E1,G-CORE-OPS,,
Z_INM200426A001,Closed,G-CORE-OPS,Network-Incident,X2 Link Failure,4,RoboNOC ticket for OXV8JDP; detected event: x2 link failure,1/25/2026 17:41,1/27/2026 17:41,OXV8JDP,UY0BV,G-RAN-BO-VFRO-ZV,Root cause fixed,Capacity threshold updated to prevent future false alerts.
Z_INM200221A001,Closed,G-IP-OPS,Network-Incident,BTS Out of Service,4,RoboNOC ticket for OXVA7TZ; detected event: bts out of service,1/25/2026 1:17,1/27/2026 1:17,OXVA7TZ,9YJB1,G-IP-OPS,Behoben,"Configuration rollback performed, service normalized."
Z_SRM200514A001,In Progress,G-RAN-FO-VFRO-NW,Change-Request,Software Upgrade - Huawei RAN,4,Scheduled maintenance: software upgrade - huawei ran on element OXVXO9T,1/25/2026 23:51,1/27/2026 23:51,OXVXO9T,YZ7SR,G-IP-OPS,,
Z_INM200609A001,Assigned,G-RAN-FO-VFRO-NW,Network-Incident,Temperature Alarm,2,Monitoring system detected temperature alarm on network element OXVZKLO,1/25/2026 5:22,1/25/2026 13:22,OXVZKLO,7PZE9,G-TX-OPS,,
Z_INM200811A001,Answered,G-RAN-BO-VFRO-ZV,Network-Incident,Störung - RBS - Ericsson 5G,4,Automated alarm for OXVVYIE: störung - rbs - ericsson 5g - immediate action required,1/25/2026 7:09,1/27/2026 7:09,OXVVYIE,U2GC5,G-IP-OPS,Root cause fixed,Redundancy failover confirmed working; primary link under repair.
Z_SRM200923A001,Closed,G-TX-OPS,Change-Request,Software Upgrade - Huawei RAN,3,Planned activity on OXV7Y6W - software upgrade - huawei ran,1/25/2026 7:38,1/26/2026 7:38,OXV7Y6W,YLURT,G-CORE-OPS,Issue resolved,Vendor dispatched for hardware replacement. Capacity threshold updated to prevent future false alerts.
Z_SRM200186A001,Closed,G-RAN-FO-VFRO-ZV,Change-Request,Hardware Replacement - RRU,5,Change request for OXV4ZW9: hardware replacement - rru,1/26/2026 0:12,1/29/2026 0:12,OXV4ZW9,R5UQP,G-RAN-FO-VFRO-ZV,Root cause fixed,Capacity threshold updated to prevent future false alerts.
Z_PRM200843A001,Closed,G-RAN-FO-VFRO-NW,Problem-Management,Recurring Link Down Analysis,4,Root cause investigation: recurring link down analysis - multiple occurrences on OXVTB94,1/26/2026 0:34,1/28/2026 0:34,OXVTB94,ODRO8,G-CORE-OPS,Root cause fixed,Manual intervention performed: service restarted and stability confirmed.
Z_PRM200335A001,Closed,G-RAN-BO-VFRO-ZV,Problem-Management,Capacity Planning Review,2,Root cause investigation: capacity planning review - multiple occurrences on OXVPUXQ,1/26/2026 11:47,1/26/2026 19:47,OXVPUXQ,2O7S3,G-RAN-BO-VFRO-ZV,Behoben,"Temporary degradation observed, system self-recovered."
Z_SRM200965A001,Closed,G-RAN-BO-VFRO-ZV,Change-Request,Frequency Re-farming,3,Change request for OXVXA3K: frequency re-farming,1/26/2026 14:11,1/27/2026 14:11,OXVXA3K,9K9XJ,G-CORE-OPS,Issue resolved,"Network element unreachable briefly; connectivity restored. Intermittent issue mitigated, root cause still under observation."
Z_NBL200003A001,Assigned,G-TX-OPS,Network-Build,New Site Build - Rural,3,Change request for OXVHL9X: new site build - rural,1/26/2026 14:14,1/27/2026 14:14,OXVHL9X,XFGCA,G-IP-OPS,,
Z_INM200490A001,Closed,G-RAN-FO-VFRO-NW,Network-Incident,X2 Link Failure,3,Monitoring system detected x2 link failure on network element OXVN9J2,1/26/2026 15:17,1/27/2026 15:17,OXVN9J2,K0GET,G-RAN-FO-VFRO-ZV,Root cause fixed,Vendor dispatched for hardware replacement.
Z_NBL200095A001,Assigned,G-CORE-OPS,Network-Build,Fiber Connectivity Setup,5,Scheduled maintenance: fiber connectivity setup on element OXV1SWJ,1/26/2026 19:46,1/29/2026 19:46,OXV1SWJ,MYX44,G-RAN-FO-VFRO-ZV,,
Z_INM200679A001,Answered,G-RAN-BO-VFRO-ZV,Network-Incident,Latency Threshold Exceeded,3,Monitoring system detected latency threshold exceeded on network element OXVAFEY,1/26/2026 1:49,1/27/2026 1:49,OXVAFEY,XR2DH,G-IP-OPS,Root cause fixed,Network element unreachable briefly; connectivity restored.
Z_SRM200562A001,Open,G-TX-OPS,Change-Request,Power System Upgrade,3,Planned activity on OXVCQ99 - power system upgrade,1/26/2026 20:46,1/27/2026 20:46,OXVCQ99,OXFQ8,G-RAN-FO-VFRO-NW,,
Z_PRM200237A001,Closed,G-TX-OPS,Problem-Management,Systematic Packet Loss Root Cause,3,Analysis of chronic issue: systematic packet loss root cause affecting OXVTEIY,1/26/2026 23:30,1/27/2026 23:30,OXVTEIY,K0GET,G-TX-OPS,Root cause fixed,"Configuration rollback performed, service normalized. Manual intervention performed: service restarted and stability confirmed."
Z_INM200185A001,Answered,G-RAN-FO-VFRO-ZV,Network-Incident,Störung - RBS - Huawei 4G,5,Automated alarm for OXVJXEP: störung - rbs - huawei 4g - immediate action required,1/26/2026 9:10,1/29/2026 9:10,OXVJXEP,QVKIZ,G-RAN-FO-VFRO-ZV,Root cause fixed,"Configuration rollback performed, service normalized. Network element unreachable briefly; connectivity restored."
Z_INM200806A001,Open,G-CORE-OPS,Network-Incident,VSWR Alarm,5,RoboNOC ticket for OXVPHT0; detected event: vswr alarm,1/27/2026 18:12,1/30/2026 18:12,OXVPHT0,0982N,G-RAN-BO-VFRO-ZV,,
Z_INM200084A001,Noticed,G-IP-OPS,Network-Incident,gNodeB Sync Loss,4,Monitoring system detected gnodeb sync loss on network element OXVQ85J,1/27/2026 1:25,1/29/2026 1:25,OXVQ85J,QLGZU,G-CORE-OPS,,
Z_SRM200894A001,Closed,G-RAN-BO-VFRO-ZV,Change-Request,Parameter Optimization,5,Scheduled maintenance: parameter optimization on element OXVOHP6,1/27/2026 21:58,1/30/2026 21:58,OXVOHP6,E8F84,G-CORE-OPS,Root cause fixed,"Software patch applied, alarm cleared after restart. Configuration rollback performed, service normalized."
Z_INM200482A001,Closed,G-RAN-FO-VFRO-NW,Network-Incident,Link Down,5,Monitoring system detected link down on network element OXVZCOT,1/27/2026 22:02,1/30/2026 22:02,OXVZCOT,IA5U6,G-TX-OPS,Behoben,"Configuration rollback performed, service normalized. Temporary degradation observed, system self-recovered."
Z_SRM200143A001,Closed,G-RAN-FO-VFRO-ZV,Change-Request,Capacity Expansion - 4G,2,Scheduled maintenance: capacity expansion - 4g on element OXVC11E,1/28/2026 10:46,1/28/2026 18:46,OXVC11E,KKV9R,G-RAN-BO-VFRO-ZV,Root cause fixed,Vendor dispatched for hardware replacement. Ticket correlated with parent problem ticket.
Z_PRM200420A001,In Progress,G-RAN-FO-VFRO-ZV,Problem-Management,Intermittent Cell Unavailability,2,Root cause investigation: intermittent cell unavailability - multiple occurrences on OXV08J3,1/28/2026 11:42,1/28/2026 19:42,OXV08J3,LPU0D,G-RAN-BO-VFRO-ZV,Workaround applied,Issue correlated with planned maintenance. No action needed.
Z_PRM200137A001,Answered,G-IP-OPS,Problem-Management,Recurring Link Down Analysis,2,Analysis of chronic issue: recurring link down analysis affecting OXVPBMY,1/28/2026 12:15,1/28/2026 20:15,OXVPBMY,V2ISQ,G-CORE-OPS,Root cause fixed,"Software patch applied, alarm cleared after restart."
Z_INM200986A001,Closed,G-CORE-OPS,Network-Incident,High CPU Usage,4,Monitoring system detected high cpu usage on network element OXVKXVF,1/28/2026 3:49,1/30/2026 3:49,OXVKXVF,JEGET,G-CORE-OPS,Root cause fixed,"Temporary degradation observed, system self-recovered."
Z_INM200144A001,Closed,G-RAN-FO-VFRO-NW,Network-Incident,High CPU Usage,4,Automated alarm for OXVGQPK: high cpu usage - immediate action required,1/28/2026 5:49,1/30/2026 5:49,OXVGQPK,R6K2V,G-TX-OPS,Root cause fixed,"Remote reconfiguration applied; monitoring for 24h. Configuration rollback performed, service normalized."
Z_INM200881A001,In Progress,G-RAN-FO-VFRO-NW,Network-Incident,Cell Unavailable,4,RoboNOC ticket for OXVHV3A; detected event: cell unavailable,1/29/2026 11:07,1/31/2026 11:07,OXVHV3A,YV37D,G-IP-OPS,,
Z_NEV200035A001,Noticed,G-IP-OPS,Network-Event,Network Monitoring Alert,3,Monitoring system detected network monitoring alert on network element OXVAFEY,1/29/2026 14:41,1/30/2026 14:41,OXVAFEY,V08HH,G-RAN-FO-VFRO-ZV,,
Z_NEV200832A001,Assigned,G-RAN-BO-VFRO-ZV,Network-Event,Performance Degradation Detected,3,Monitoring system detected performance degradation detected on network element OXVH2M5,1/29/2026 15:20,1/30/2026 15:20,OXVH2M5,ODRO8,G-IP-OPS,,
Z_NEV200738A001,Noticed,G-RAN-FO-VFRO-NW,Network-Event,Planned Maintenance Window,4,Monitoring system detected planned maintenance window on network element OXVPBHS,1/29/2026 15:53,1/31/2026 15:53,OXVPBHS,5PSQ0,G-TX-OPS,,
Z_INM200790A001,Closed,G-RAN-BO-VFRO-ZV,Network-Incident,Cell Unavailable,4,Monitoring system detected cell unavailable on network element OXVH2M5,1/29/2026 19:17,1/31/2026 19:17,OXVH2M5,5BCW7,G-CORE-OPS,Behoben,Root cause identified as faulty RRU; replacement scheduled.
Z_SRM200950A001,Closed,G-IP-OPS,Change-Request,Software Upgrade - Ericsson RAN,3,Scheduled maintenance: software upgrade - ericsson ran on element OXVWJ0T,1/29/2026 19:35,1/30/2026 19:35,OXVWJ0T,I1B0Z,G-RAN-FO-VFRO-ZV,Root cause fixed,"Intermittent issue mitigated, root cause still under observation. Remote reconfiguration applied; monitoring for 24h."
Z_INM200661A001,Open,G-TX-OPS,Network-Incident,Latency Threshold Exceeded,5,Automated alarm for OXVZKLO: latency threshold exceeded - immediate action required,1/29/2026 1:06,2/1/2026 1:06,OXVZKLO,L0UKE,G-TX-OPS,,
Z_INM200243A001,Closed,G-RAN-FO-VFRO-NW,Network-Incident,Störung - RBS - Nokia 3G,5,RoboNOC ticket for OXVXAJI; detected event: störung - rbs - nokia 3g,1/29/2026 23:03,2/1/2026 23:03,OXVXAJI,XR2DH,G-RAN-FO-VFRO-ZV,Issue resolved,Network element unreachable briefly; connectivity restored. Capacity threshold updated to prevent future false alerts.
Z_INM200445A001,Open,G-RAN-BO-VFRO-ZV,Network-Incident,Störung - RBS - Huawei 4G,3,Automated alarm for OXVPVS7: störung - rbs - huawei 4g - immediate action required,1/29/2026 4:04,1/30/2026 4:04,OXVPVS7,R6K2V,G-TX-OPS,,
Z_INM200496A001,Closed,G-IP-OPS,Network-Incident,Link Down,3,Monitoring system detected link down on network element OXV4CIY,1/29/2026 5:32,1/30/2026 5:32,OXV4CIY,3R30M,G-RAN-FO-VFRO-ZV,Root cause fixed,Signal fluctuation detected; no persistent fault found.
Z_INM200827A001,Answered,G-IP-OPS,Network-Incident,Störung - RBS - Huawei 4G,4,Automated alarm for OXV48P0: störung - rbs - huawei 4g - immediate action required,1/29/2026 6:08,1/31/2026 6:08,OXV48P0,P49KW,G-CORE-OPS,Root cause fixed,Ticket correlated with parent problem ticket.
Z_NBL200602A001,Open,G-CORE-OPS,Network-Build,Fiber Connectivity Setup,4,Change request for OXVOWGZ: fiber connectivity setup,1/29/2026 6:28,1/31/2026 6:28,OXVOWGZ,5PY6B,G-TX-OPS,,
Z_INM200523A001,Closed,G-RAN-FO-VFRO-SO,Network-Incident,NodeB Degraded,5,Monitoring system detected nodeb degraded on network element OXVI4Q2,1/3/2026 11:35,1/6/2026 11:35,OXVI4Q2,D84U8,G-RAN-FO-VFRO-ZV,Issue resolved,Capacity threshold updated to prevent future false alerts.
Z_INM200698A001,Assigned,G-CORE-OPS,Network-Incident,Cell Unavailable,4,Automated alarm for OXVZJA8: cell unavailable - immediate action required,1/3/2026 13:56,1/5/2026 13:56,OXVZJA8,YFPMV,G-TX-OPS,,
Z_NEV200793A001,In Progress,G-TX-OPS,Network-Event,Threshold Breach Notification,3,RoboNOC ticket for OXVRTJ5; detected event: threshold breach notification,1/3/2026 15:09,1/4/2026 15:09,OXVRTJ5,XR2DH,G-RAN-FO-VFRO-ZV,,
Z_NEV200975A001,Closed,G-IP-OPS,Network-Event,Threshold Breach Notification,3,RoboNOC ticket for OXVPAC5; detected event: threshold breach notification,1/3/2026 15:34,1/4/2026 15:34,OXVPAC5,X63CF,G-IP-OPS,Behoben,No recurrence observed in the last monitoring window.
Z_INM200235A001,Closed,G-RAN-FO-VFRO-ZV,Network-Incident,gNodeB Sync Loss,2,NMS alert triggered for OXVTVHH; event: gnodeb sync loss,1/3/2026 17:36,1/4/2026 1:36,OXVTVHH,4NLZ1,G-RAN-FO-VFRO-ZV,Issue resolved,"Intermittent issue mitigated, root cause still under observation."
Z_INM200085A001,Assigned,G-RAN-BO-VFRO-ZV,Network-Incident,BTS Out of Service,4,NMS alert triggered for OXVSG65; event: bts out of service,1/3/2026 17:38,1/5/2026 17:38,OXVSG65,QLGZU,G-RAN-FO-VFRO-NW,,
Z_NBL200323A001,Closed,G-RAN-FO-VFRO-ZV,Network-Build,Power System Installation,4,Scheduled maintenance: power system installation on element OXVDPPQ,1/3/2026 7:05,1/5/2026 7:05,OXVDPPQ,XPJ4H,G-RAN-FO-VFRO-NW,Behoben,"Antenna realignment completed, coverage restored. Software patch applied, alarm cleared after restart."
Z_NBL200109A001,Closed,G-IP-OPS,Network-Build,Power System Installation,4,Change request for OXVHL9X: power system installation,1/30/2026 14:17,2/1/2026 14:17,OXVHL9X,YLURT,G-TX-OPS,Root cause fixed,Issue correlated with planned maintenance. No action needed.
Z_PRM200845A001,Assigned,G-RAN-FO-VFRO-ZV,Problem-Management,Repeated Power Failure Pattern,1,Problem investigation for recurring repeated power failure pattern on OXVN9J2,1/30/2026 17:15,1/30/2026 21:15,OXVN9J2,OCWBF,G-RAN-FO-VFRO-ZV,,
Z_SRM200206A001,Assigned,G-RAN-FO-VFRO-ZV,Change-Request,Configuration Change - Transport,4,Change request for OXVFEL6: configuration change - transport,1/30/2026 19:46,2/1/2026 19:46,OXVFEL6,L8OS9,G-RAN-FO-VFRO-ZV,,
Z_NBL200505A001,Closed,G-TX-OPS,Network-Build,Cabinet Installation,3,Planned activity on OXV246H - cabinet installation,1/30/2026 21:48,1/31/2026 21:48,OXV246H,MWWYZ,G-RAN-FO-VFRO-NW,Root cause fixed,Root cause identified as faulty RRU; replacement scheduled.
Z_NBL200576A001,Noticed,G-RAN-FO-VFRO-SO,Network-Build,Tower Installation,4,Change request for OXV4CIY: tower installation,1/30/2026 22:19,2/1/2026 22:19,OXV4CIY,4NLZ1,G-CORE-OPS,,
Z_SRM200250A001,Closed,G-RAN-FO-VFRO-SO,Change-Request,Antenna Swap,2,Scheduled maintenance: antenna swap on element OXVKTAK,1/31/2026 11:20,1/31/2026 19:20,OXVKTAK,WX7PT,G-TX-OPS,Root cause fixed,Root cause identified as faulty RRU; replacement scheduled. Network element unreachable briefly; connectivity restored.
Z_INM200014A001,Closed,G-RAN-FO-VFRO-NW,Network-Incident,VSWR Alarm,3,NMS alert triggered for OXV4V30; event: vswr alarm,1/31/2026 13:34,2/1/2026 13:34,OXV4V30,OCWBF,G-TX-OPS,Root cause fixed,"Software patch applied, alarm cleared after restart. Ticket correlated with parent problem ticket."
Z_SRM200234A001,Closed,G-IP-OPS,Change-Request,Parameter Optimization,4,Planned activity on OXV0Y6D - parameter optimization,1/31/2026 18:21,2/2/2026 18:21,OXV0Y6D,YFPMV,G-RAN-BO-VFRO-ZV,Behoben,Signal fluctuation detected; no persistent fault found. Vendor dispatched for hardware replacement.
Z_NBL200011A001,Closed,G-TX-OPS,Network-Build,Tower Installation,3,Scheduled maintenance: tower installation on element OXVJ7XV,1/31/2026 1:05,2/1/2026 1:05,OXVJ7XV,3RZSJ,G-IP-OPS,Root cause fixed,"Issue correlated with planned maintenance. No action needed. Configuration rollback performed, service normalized."
Z_INM200990A001,Closed,G-CORE-OPS,Network-Incident,Störung - RBS - Nokia 3G,2,RoboNOC ticket for OXV9T84; detected event: störung - rbs - nokia 3g,1/31/2026 9:07,1/31/2026 17:07,OXV9T84,3R30M,G-IP-OPS,Root cause fixed,"Additional validation checks completed successfully. Configuration rollback performed, service normalized."
Z_INM200435A001,Open,G-RAN-BO-VFRO-ZV,Network-Incident,Transport Congestion,2,Automated alarm for OXVA7TZ: transport congestion - immediate action required,1/4/2026 1:12,1/4/2026 9:12,OXVA7TZ,2KNFT,G-IP-OPS,,
Z_NEV200545A001,Closed,G-RAN-BO-VFRO-ZV,Network-Event,Planned Maintenance Window,5,RoboNOC ticket for OXVR64D; detected event: planned maintenance window,1/4/2026 20:46,1/7/2026 20:46,OXVR64D,0982N,G-RAN-FO-VFRO-NW,Behoben,"Software patch applied, alarm cleared after restart. Network element unreachable briefly; connectivity restored."
Z_INM200415A001,Closed,G-RAN-FO-VFRO-SO,Network-Incident,VSWR Alarm,5,Monitoring system detected vswr alarm on network element OXVSG65,1/5/2026 20:12,1/8/2026 20:12,OXVSG65,OXFQ8,G-RAN-FO-VFRO-ZV,Issue resolved,Signal fluctuation detected; no persistent fault found.
Z_PRM200238A001,In Progress,G-RAN-BO-VFRO-ZV,Problem-Management,Capacity Planning Review,4,Root cause investigation: capacity planning review - multiple occurrences on OXVYIHA,1/5/2026 6:07,1/7/2026 6:07,OXVYIHA,YLURT,G-RAN-BO-VFRO-ZV,No impact confirmed,"Configuration rollback performed, service normalized."
Z_INM200932A001,Assigned,G-TX-OPS,Network-Incident,X2 Link Failure,1,NMS alert triggered for OXVGQPK; event: x2 link failure,1/6/2026 1:07,1/6/2026 5:07,OXVGQPK,WI6FQ,G-RAN-FO-VFRO-ZV,,
Z_INM200387A001,In Progress,G-TX-OPS,Network-Incident,Cell Unavailable,4,NMS alert triggered for OXVX7EE; event: cell unavailable,1/6/2026 1:33,1/8/2026 1:33,OXVX7EE,08P0F,G-TX-OPS,,
Z_INM200280A001,Noticed,G-RAN-FO-VFRO-ZV,Network-Incident,BTS Out of Service,3,Monitoring system detected bts out of service on network element OXV246H,1/6/2026 23:37,1/7/2026 23:37,OXV246H,08P0F,G-IP-OPS,,
Z_INM200533A001,Assigned,G-RAN-FO-VFRO-ZV,Network-Incident,Temperature Alarm,3,NMS alert triggered for OXV4V30; event: temperature alarm,1/6/2026 5:21,1/7/2026 5:21,OXV4V30,OF8KR,G-RAN-BO-VFRO-ZV,,
Z_INM200184A001,Answered,G-TX-OPS,Network-Incident,X2 Link Failure,3,Monitoring system detected x2 link failure on network element OXVNUJZ,1/7/2026 0:51,1/8/2026 0:51,OXVNUJZ,5BCW7,G-RAN-FO-VFRO-ZV,Root cause fixed,Additional validation checks completed successfully. Issue correlated with planned maintenance. No action needed.
Z_INM200951A001,Open,G-IP-OPS,Network-Incident,NodeB Degraded,4,Monitoring system detected nodeb degraded on network element OXV1T2T,1/7/2026 14:48,1/9/2026 14:48,OXV1T2T,2KNFT,G-TX-OPS,,
Z_PRM200495A001,Closed,G-CORE-OPS,Problem-Management,Systematic Packet Loss Root Cause,2,Root cause investigation: systematic packet loss root cause - multiple occurrences on OXVNB4G,1/7/2026 17:39,1/8/2026 1:39,OXVNB4G,XFGCA,G-IP-OPS,Root cause fixed,"Configuration rollback performed, service normalized."
Z_INM200814A001,Closed,G-RAN-FO-VFRO-ZV,Network-Incident,VSWR Alarm,4,Automated alarm for OXVUZFK: vswr alarm - immediate action required,1/7/2026 6:50,1/9/2026 6:50,OXVUZFK,D5EQY,G-IP-OPS,Root cause fixed,Network element unreachable briefly; connectivity restored. Ticket correlated with parent problem ticket.
Z_INM200183A001,Closed,G-RAN-BO-VFRO-ZV,Network-Incident,X2 Link Failure,5,Automated alarm for OXV1T2T: x2 link failure - immediate action required,1/8/2026 19:57,1/11/2026 19:57,OXV1T2T,OCWBF,G-RAN-FO-VFRO-NW,Root cause fixed,Signal fluctuation detected; no persistent fault found.
Z_INM200359A001,In Progress,G-RAN-FO-VFRO-SO,Network-Incident,Störung - RBS - Huawei 4G,5,RoboNOC ticket for OXVRIXA; detected event: störung - rbs - huawei 4g,1/8/2026 21:27,1/11/2026 21:27,OXVRIXA,OXFQ8,G-RAN-FO-VFRO-NW,No impact confirmed,"Intermittent issue mitigated, root cause still under observation."
Z_SRM200565A001,Assigned,G-CORE-OPS,Change-Request,Capacity Expansion - 5G,3,Scheduled maintenance: capacity expansion - 5g on element OXV7Y6W,1/8/2026 23:39,1/9/2026 23:39,OXV7Y6W,7S55J,G-RAN-FO-VFRO-NW,,
Z_NBL200216A001,Closed,G-IP-OPS,Network-Build,Fiber Connectivity Setup,4,Change request for OXV7E8G: fiber connectivity setup,1/8/2026 6:36,1/10/2026 6:36,OXV7E8G,5PY6B,G-CORE-OPS,Root cause fixed,"Antenna realignment completed, coverage restored."
Z_INM200469A001,Closed,G-CORE-OPS,Network-Incident,Cell Unavailable,5,Automated alarm for OXVDTJV: cell unavailable - immediate action required,1/8/2026 7:19,1/11/2026 7:19,OXVDTJV,K0GET,G-CORE-OPS,Issue resolved,Root cause identified as faulty RRU; replacement scheduled. Network element unreachable briefly; connectivity restored.
Z_INM200365A001,In Progress,G-TX-OPS,Network-Incident,Fiber Cut Detected,5,Monitoring system detected fiber cut detected on network element OXVZHWJ,1/8/2026 7:51,1/11/2026 7:51,OXVZHWJ,0982N,G-TX-OPS,Monitoring ongoing,"Fiber splice completed, signal restored to normal levels."
Z_INM200909A001,Closed,G-TX-OPS,Network-Incident,Fiber Cut Detected,4,RoboNOC ticket for OXV253J; detected event: fiber cut detected,1/9/2026 17:23,1/11/2026 17:23,OXV253J,OF8KR,G-IP-OPS,Issue resolved,Manual intervention performed: service restarted and stability confirmed.
Z_NBL200245A001,Closed,G-CORE-OPS,Network-Build,New Site Build - Urban,3,Change request for OXVA7TZ: new site build - urban,1/9/2026 21:51,1/10/2026 21:51,OXVA7TZ,KKV9R,G-RAN-FO-VFRO-NW,Behoben,Manual intervention performed: service restarted and stability confirmed.
Z_SRM200985A001,Closed,G-CORE-OPS,Change-Request,Software Upgrade - Ericsson RAN,3,Scheduled maintenance: software upgrade - ericsson ran on element OXVUJV6,2/1/2026 11:24,2/2/2026 11:24,OXVUJV6,V2ISQ,G-RAN-FO-VFRO-NW,Issue resolved,Capacity threshold updated to prevent future false alerts.
Z_INM200791A001,Open,G-TX-OPS,Network-Incident,High CPU Usage,4,Automated alarm for OXV0Y9D: high cpu usage - immediate action required,2/1/2026 15:15,2/3/2026 15:15,OXV0Y9D,D84U8,G-CORE-OPS,,
Z_INM200511A001,Answered,G-IP-OPS,Network-Incident,NodeB Degraded,3,RoboNOC ticket for OXVRTJ5; detected event: nodeb degraded,2/1/2026 15:46,2/2/2026 15:46,OXVRTJ5,K0GET,G-IP-OPS,Behoben,"Signal fluctuation detected; no persistent fault found. Intermittent issue mitigated, root cause still under observation."
Z_INM200872A001,In Progress,G-TX-OPS,Network-Incident,Packet Loss High,2,NMS alert triggered for OXVCKJL; event: packet loss high,2/1/2026 21:12,2/2/2026 5:12,OXVCKJL,BNP84,G-RAN-BO-VFRO-ZV,Workaround applied,Capacity threshold updated to prevent future false alerts.
Z_INM200769A001,Answered,G-RAN-BO-VFRO-ZV,Network-Incident,Latency Threshold Exceeded,4,Automated alarm for OXVPJA1: latency threshold exceeded - immediate action required,2/1/2026 3:06,2/3/2026 3:06,OXVPJA1,1GHR0,G-CORE-OPS,Root cause fixed,"Fiber splice completed, signal restored to normal levels."
Z_INM200242A001,Closed,G-RAN-FO-VFRO-SO,Network-Incident,VSWR Alarm,3,RoboNOC ticket for OXVRHOC; detected event: vswr alarm,2/1/2026 3:23,2/2/2026 3:23,OXVRHOC,7PZE9,G-TX-OPS,Issue resolved,Root cause identified as faulty RRU; replacement scheduled. Root cause identified as faulty RRU; replacement scheduled.
Z_INM200270A001,In Progress,G-CORE-OPS,Network-Incident,Latency Threshold Exceeded,3,NMS alert triggered for OXVX18H; event: latency threshold exceeded,2/1/2026 5:58,2/2/2026 5:58,OXVX18H,V08HH,G-RAN-FO-VFRO-ZV,,
Z_INM200689A001,In Progress,G-RAN-FO-VFRO-NW,Network-Incident,Transport Congestion,3,Automated alarm for OXVPNSM: transport congestion - immediate action required,2/1/2026 8:01,2/2/2026 8:01,OXVPNSM,XTOGN,G-CORE-OPS,Workaround applied,Capacity threshold updated to prevent future false alerts.
Z_SRM200972A001,In Progress,G-CORE-OPS,Change-Request,Hardware Replacement - RRU,4,Scheduled maintenance: hardware replacement - rru on element OXVCIDK,2/10/2026 0:57,2/12/2026 0:57,OXVCIDK,2O7S3,G-CORE-OPS,,
Z_INM200673A001,Closed,G-RAN-FO-VFRO-SO,Network-Incident,Latency Threshold Exceeded,4,Monitoring system detected latency threshold exceeded on network element OXVOH9S,2/10/2026 16:44,2/12/2026 16:44,OXVOH9S,KKV9R,G-RAN-BO-VFRO-ZV,Root cause fixed,Additional validation checks completed successfully.
Z_INM200282A001,Open,G-TX-OPS,Network-Incident,gNodeB Sync Loss,4,NMS alert triggered for OXV0Y6D; event: gnodeb sync loss,2/10/2026 18:55,2/12/2026 18:55,OXV0Y6D,IA5U6,G-CORE-OPS,,
Z_INM200207A001,Open,G-IP-OPS,Network-Incident,Backhaul Degradation,3,Automated alarm for OXVI4Q2: backhaul degradation - immediate action required,2/10/2026 4:28,2/11/2026 4:28,OXVI4Q2,OCWBF,G-RAN-FO-VFRO-NW,,
Z_SRM200401A001,Assigned,G-TX-OPS,Change-Request,Antenna Swap,4,Change request for OXV0Y6D: antenna swap,2/10/2026 7:39,2/12/2026 7:39,OXV0Y6D,XTOGN,G-IP-OPS,,
Z_INM200849A001,Answered,G-RAN-FO-VFRO-ZV,Network-Incident,NodeB Degraded,5,Monitoring system detected nodeb degraded on network element OXVXA3K,2/10/2026 9:13,2/13/2026 9:13,OXVXA3K,CBPLJ,G-RAN-FO-VFRO-ZV,Behoben,Root cause identified as faulty RRU; replacement scheduled. Vendor dispatched for hardware replacement.
Z_INM200053A001,Assigned,G-TX-OPS,Network-Incident,S1 Setup Failure,4,NMS alert triggered for OXVAFEY; event: s1 setup failure,2/11/2026 15:58,2/13/2026 15:58,OXVAFEY,4NLZ1,G-RAN-FO-VFRO-ZV,,
Z_INM200612A001,Open,G-RAN-FO-VFRO-ZV,Network-Incident,Störung - RBS - Huawei 4G,3,Monitoring system detected störung - rbs - huawei 4g on network element OXVG8SB,2/11/2026 16:58,2/12/2026 16:58,OXVG8SB,5PY6B,G-RAN-FO-VFRO-ZV,,
Z_NBL200970A001,In Progress,G-CORE-OPS,Network-Build,New Site Build - Rural,3,Planned activity on OXVWAOU - new site build - rural,2/11/2026 18:28,2/12/2026 18:28,OXVWAOU,D5EQY,G-RAN-FO-VFRO-NW,,
Z_INM200748A001,Noticed,G-RAN-BO-VFRO-ZV,Network-Incident,VSWR Alarm,2,Automated alarm for OXVAZYT: vswr alarm - immediate action required,2/11/2026 18:57,2/12/2026 2:57,OXVAZYT,1GHR0,G-RAN-FO-VFRO-ZV,,
Z_INM200166A001,Open,G-RAN-FO-VFRO-SO,Network-Incident,Link Down,4,RoboNOC ticket for OXVDPPQ; detected event: link down,2/11/2026 21:26,2/13/2026 21:26,OXVDPPQ,9K9XJ,G-RAN-FO-VFRO-ZV,,
Z_INM200834A001,Closed,G-CORE-OPS,Network-Incident,gNodeB Sync Loss,4,NMS alert triggered for OXV8UT0; event: gnodeb sync loss,2/11/2026 23:16,2/13/2026 23:16,OXV8UT0,D84U8,G-RAN-FO-VFRO-NW,Behoben,"Intermittent issue mitigated, root cause still under observation. Ticket correlated with parent problem ticket."
Z_INM200276A001,Closed,G-RAN-FO-VFRO-ZV,Network-Incident,Störung - RBS - Ericsson 5G,3,Monitoring system detected störung - rbs - ericsson 5g on network element OXVZCYW,2/11/2026 9:28,2/12/2026 9:28,OXVZCYW,3R30M,G-RAN-FO-VFRO-NW,Behoben,"Intermittent issue mitigated, root cause still under observation. Vendor dispatched for hardware replacement."
Z_PRM200891A001,Open,G-RAN-FO-VFRO-NW,Problem-Management,Repeated Power Failure Pattern,3,Problem investigation for recurring repeated power failure pattern on OXVDTJV,2/12/2026 11:57,2/13/2026 11:57,OXVDTJV,ZQY72,G-RAN-BO-VFRO-ZV,,
Z_NBL200785A001,In Progress,G-TX-OPS,Network-Build,Fiber Connectivity Setup,4,Planned activity on OXVX18H - fiber connectivity setup,2/12/2026 18:50,2/14/2026 18:50,OXVX18H,XPJ4H,G-RAN-FO-VFRO-NW,Workaround applied,Capacity threshold updated to prevent future false alerts.
Z_SRM200299A001,Noticed,G-RAN-FO-VFRO-NW,Change-Request,Power System Upgrade,4,Planned activity on OXVTRP0 - power system upgrade,2/12/2026 1:23,2/14/2026 1:23,OXVTRP0,YLURT,G-RAN-FO-VFRO-NW,,
Z_NBL200199A001,Noticed,G-RAN-BO-VFRO-ZV,Network-Build,Tower Installation,5,Scheduled maintenance: tower installation on element OXVJ43D,2/12/2026 21:26,2/15/2026 21:26,OXVJ43D,JEGET,G-TX-OPS,,
Z_NEV200005A001,Closed,G-RAN-FO-VFRO-SO,Network-Event,Automated Recovery Triggered,4,RoboNOC ticket for OXV48P0; detected event: automated recovery triggered,2/13/2026 0:29,2/15/2026 0:29,OXV48P0,YFPMV,G-IP-OPS,Issue resolved,No recurrence observed in the last monitoring window.
Z_SRM200579A001,Closed,G-RAN-FO-VFRO-ZV,Change-Request,Site Integration - New Build,3,Scheduled maintenance: site integration - new build on element OXV6WZS,2/13/2026 12:59,2/14/2026 12:59,OXV6WZS,U2GC5,G-RAN-FO-VFRO-ZV,Issue resolved,Signal fluctuation detected; no persistent fault found. No recurrence observed in the last monitoring window.
Z_INM200209A001,Closed,G-RAN-BO-VFRO-ZV,Network-Incident,Störung - RBS - Huawei 4G,3,NMS alert triggered for OXV7Y6W; event: störung - rbs - huawei 4g,2/13/2026 22:21,2/14/2026 22:21,OXV7Y6W,OXFQ8,G-CORE-OPS,Issue resolved,Hardware module reset remotely. Traffic restored without errors.
Z_INM200753A001,Closed,G-RAN-FO-VFRO-SO,Network-Incident,S1 Setup Failure,1,Monitoring system detected s1 setup failure on network element OXVDTJV,2/13/2026 3:38,2/13/2026 7:38,OXVDTJV,ZQY72,G-RAN-BO-VFRO-ZV,Behoben,Capacity threshold updated to prevent future false alerts.
Z_SRM200839A001,Closed,G-RAN-FO-VFRO-SO,Change-Request,Power System Upgrade,3,Planned activity on OXV1N13 - power system upgrade,2/13/2026 6:41,2/14/2026 6:41,OXV1N13,HC36K,G-RAN-FO-VFRO-ZV,Issue resolved,"Antenna realignment completed, coverage restored."
Z_NEV200097A001,Closed,G-RAN-FO-VFRO-NW,Network-Event,Automated Recovery Triggered,4,Automated alarm for OXVFEL6: automated recovery triggered - immediate action required,2/14/2026 14:18,2/16/2026 14:18,OXVFEL6,NRIUU,G-RAN-FO-VFRO-NW,Root cause fixed,"Configuration rollback performed, service normalized."
Z_INM200916A001,Open,G-RAN-FO-VFRO-ZV,Network-Incident,eNodeB RF Interference,3,RoboNOC ticket for OXV5LXO; detected event: enodeb rf interference,2/14/2026 18:33,2/15/2026 18:33,OXV5LXO,YV37D,G-RAN-BO-VFRO-ZV,,
Z_INM200534A001,In Progress,G-IP-OPS,Network-Incident,Temperature Alarm,2,NMS alert triggered for OXVI4Q2; event: temperature alarm,2/15/2026 13:25,2/15/2026 21:25,OXVI4Q2,3NX39,G-CORE-OPS,No impact confirmed,"Power module replaced on-site, all services operational."
Z_PRM200941A001,Open,G-RAN-FO-VFRO-ZV,Problem-Management,Systematic Packet Loss Root Cause,3,Analysis of chronic issue: systematic packet loss root cause affecting OXV4ZW9,2/15/2026 13:45,2/16/2026 13:45,OXV4ZW9,1W1HT,G-RAN-FO-VFRO-NW,,
Z_INM200036A001,Closed,G-IP-OPS,Network-Incident,Latency Threshold Exceeded,2,Monitoring system detected latency threshold exceeded on network element OXVCVS4,2/15/2026 18:48,2/16/2026 2:48,OXVCVS4,YFPMV,G-RAN-FO-VFRO-ZV,Behoben,"Configuration rollback performed, service normalized."
Z_INM200771A001,Assigned,G-RAN-BO-VFRO-ZV,Network-Incident,Temperature Alarm,4,RoboNOC ticket for OXVQ85J; detected event: temperature alarm,2/15/2026 22:11,2/17/2026 22:11,OXVQ85J,YLURT,G-RAN-BO-VFRO-ZV,,
Z_SRM200910A001,Closed,G-IP-OPS,Change-Request,Parameter Optimization,4,Change request for OXVBNHL: parameter optimization,2/15/2026 22:42,2/17/2026 22:42,OXVBNHL,9K9XJ,G-RAN-BO-VFRO-ZV,Behoben,"Antenna realignment completed, coverage restored. Vendor dispatched for hardware replacement."
Z_INM200180A001,Answered,G-TX-OPS,Network-Incident,Störung - RBS - Huawei 4G,3,NMS alert triggered for OXVPHR6; event: störung - rbs - huawei 4g,2/15/2026 23:26,2/16/2026 23:26,OXVPHR6,R5UQP,G-TX-OPS,Root cause fixed,"Software patch applied, alarm cleared after restart. Antenna realignment completed, coverage restored."
Z_INM200191A001,Closed,G-RAN-FO-VFRO-SO,Network-Incident,eNodeB RF Interference,3,Automated alarm for OXVR64D: enodeb rf interference - immediate action required,2/15/2026 4:45,2/16/2026 4:45,OXVR64D,IGATJ,G-CORE-OPS,Behoben,"Issue correlated with planned maintenance. No action needed. Fiber splice completed, signal restored to normal levels."
Z_INM200813A001,In Progress,G-RAN-FO-VFRO-ZV,Network-Incident,Backhaul Degradation,4,NMS alert triggered for OXVQ85J; event: backhaul degradation,2/16/2026 12:17,2/18/2026 12:17,OXVQ85J,V2ISQ,G-IP-OPS,,
Z_INM200575A001,In Progress,G-TX-OPS,Network-Incident,Packet Loss High,2,Monitoring system detected packet loss high on network element OXVG0FN,2/16/2026 14:51,2/16/2026 22:51,OXVG0FN,R5UQP,G-TX-OPS,,
Z_NBL200063A001,In Progress,G-CORE-OPS,Network-Build,Tower Installation,4,Planned activity on OXVA0L7 - tower installation,2/16/2026 22:34,2/18/2026 22:34,OXVA0L7,3NX39,G-RAN-BO-VFRO-ZV,,
Z_SRM200414A001,Closed,G-RAN-FO-VFRO-NW,Change-Request,Capacity Expansion - 4G,3,Planned activity on OXVID25 - capacity expansion - 4g,2/16/2026 3:29,2/17/2026 3:29,OXVID25,KKV9R,G-RAN-FO-VFRO-ZV,Root cause fixed,"Power module replaced on-site, all services operational."
Z_NBL200543A001,In Progress,G-RAN-FO-VFRO-NW,Network-Build,Tower Installation,4,Change request for OXVX7EE: tower installation,2/16/2026 7:24,2/18/2026 7:24,OXVX7EE,3RZSJ,G-RAN-BO-VFRO-ZV,,
Z_INM200461A001,Answered,G-RAN-BO-VFRO-ZV,Network-Incident,VSWR Alarm,1,Monitoring system detected vswr alarm on network element OXV3T60,2/16/2026 7:25,2/16/2026 11:25,OXV3T60,D84U8,G-RAN-FO-VFRO-ZV,Root cause fixed,"Network element unreachable briefly; connectivity restored. Power module replaced on-site, all services operational."
Z_INM200876A001,Closed,G-RAN-BO-VFRO-ZV,Network-Incident,Störung - RBS - Huawei 4G,5,RoboNOC ticket for OXVCQ99; detected event: störung - rbs - huawei 4g,2/16/2026 8:44,2/19/2026 8:44,OXVCQ99,P49KW,G-RAN-FO-VFRO-ZV,Issue resolved,Capacity threshold updated to prevent future false alerts.
Z_SRM200601A001,Closed,G-IP-OPS,Change-Request,Parameter Optimization,3,Change request for OXVOH9S: parameter optimization,2/17/2026 15:53,2/18/2026 15:53,OXVOH9S,VIFTT,G-RAN-FO-VFRO-NW,Issue resolved,Vendor dispatched for hardware replacement. Signal fluctuation detected; no persistent fault found.
Z_INM200964A001,Closed,G-RAN-BO-VFRO-ZV,Network-Incident,Störung - RBS - Huawei 4G,5,Automated alarm for OXVUHZ1: störung - rbs - huawei 4g - immediate action required,2/17/2026 18:02,2/20/2026 18:02,OXVUHZ1,KKV9R,G-TX-OPS,Issue resolved,"Antenna realignment completed, coverage restored. Issue correlated with planned maintenance. No action needed."
Z_INM200710A001,Assigned,G-RAN-FO-VFRO-NW,Network-Incident,Packet Loss High,5,Monitoring system detected packet loss high on network element OXVWAOU,2/17/2026 1:26,2/20/2026 1:26,OXVWAOU,OXFQ8,G-RAN-FO-VFRO-ZV,,
Z_INM200076A001,In Progress,G-TX-OPS,Network-Incident,S1 Setup Failure,4,NMS alert triggered for OXVLY8O; event: s1 setup failure,2/17/2026 20:51,2/19/2026 20:51,OXVLY8O,I1B0Z,G-IP-OPS,Monitoring ongoing,"Power module replaced on-site, all services operational."
Z_NBL200346A001,Noticed,G-RAN-FO-VFRO-SO,Network-Build,New Site Build - Rural,4,Scheduled maintenance: new site build - rural on element OXVAHXT,2/17/2026 23:51,2/19/2026 23:51,OXVAHXT,V08HH,G-RAN-FO-VFRO-NW,,
Z_NBL200126A001,Closed,G-CORE-OPS,Network-Build,New Site Build - Urban,4,Scheduled maintenance: new site build - urban on element OXVAHXT,2/17/2026 3:15,2/19/2026 3:15,OXVAHXT,49ITN,G-CORE-OPS,Issue resolved,Manual intervention performed: service restarted and stability confirmed. Manual intervention performed: service restarted and stability confirmed.
Z_INM200349A001,Closed,G-RAN-FO-VFRO-ZV,Network-Incident,S1 Setup Failure,4,RoboNOC ticket for OXV6WZS; detected event: s1 setup failure,2/17/2026 4:52,2/19/2026 4:52,OXV6WZS,FTMTT,G-RAN-BO-VFRO-ZV,Behoben,Ticket correlated with parent problem ticket. Root cause identified as faulty RRU; replacement scheduled.
Z_INM200773A001,Answered,G-RAN-BO-VFRO-ZV,Network-Incident,Störung - RBS - Nokia 3G,5,Monitoring system detected störung - rbs - nokia 3g on network element OXV9MX2,2/18/2026 0:45,2/21/2026 0:45,OXV9MX2,CBPLJ,G-IP-OPS,Behoben,Root cause identified as faulty RRU; replacement scheduled. Capacity threshold updated to prevent future false alerts.
Z_INM200547A001,Answered,G-RAN-FO-VFRO-ZV,Network-Incident,Fiber Cut Detected,5,Monitoring system detected fiber cut detected on network element OXV5IQV,2/18/2026 21:30,2/21/2026 21:30,OXV5IQV,X4W6X,G-TX-OPS,Behoben,"Issue correlated with planned maintenance. No action needed. Software patch applied, alarm cleared after restart."
Z_INM200451A001,Assigned,G-RAN-FO-VFRO-ZV,Network-Incident,BTS Out of Service,3,Automated alarm for OXVAZYT: bts out of service - immediate action required,2/18/2026 21:55,2/19/2026 21:55,OXVAZYT,8T63J,G-RAN-FO-VFRO-NW,,
Z_SRM200999A001,Closed,G-RAN-FO-VFRO-NW,Change-Request,Configuration Change - Transport,2,Planned activity on OXVT9NT - configuration change - transport,2/19/2026 3:14,2/19/2026 11:14,OXVT9NT,D96QE,G-CORE-OPS,Issue resolved,"Hardware module reset remotely. Traffic restored without errors. Temporary degradation observed, system self-recovered."
Z_SRM200200A001,Noticed,G-IP-OPS,Change-Request,Software Upgrade - Ericsson RAN,3,Scheduled maintenance: software upgrade - ericsson ran on element OXVBNHL,2/2/2026 14:24,2/3/2026 14:24,OXVBNHL,ZQY72,G-RAN-FO-VFRO-NW,,
Z_INM200625A001,Open,G-CORE-OPS,Network-Incident,Störung - RBS - Ericsson 5G,2,NMS alert triggered for OXV38DA; event: störung - rbs - ericsson 5g,2/2/2026 15:39,2/2/2026 23:39,OXV38DA,KKV9R,G-IP-OPS,,
Z_INM200987A001,Closed,G-TX-OPS,Network-Incident,Backhaul Degradation,5,Automated alarm for OXV6T4U: backhaul degradation - immediate action required,2/2/2026 5:21,2/5/2026 5:21,OXV6T4U,VIFTT,G-IP-OPS,Root cause fixed,No recurrence observed in the last monitoring window. Redundancy failover confirmed working; primary link under repair.
Z_SRM200298A001,In Progress,G-RAN-FO-VFRO-NW,Change-Request,Software Upgrade - Huawei RAN,5,Planned activity on OXV4CIY - software upgrade - huawei ran,2/2/2026 7:12,2/5/2026 7:12,OXV4CIY,QVKIZ,G-TX-OPS,Workaround applied,"Antenna realignment completed, coverage restored."
Z_INM200048A001,Assigned,G-RAN-FO-VFRO-NW,Network-Incident,X2 Link Failure,3,Monitoring system detected x2 link failure on network element OXVUJV6,2/2/2026 8:37,2/3/2026 8:37,OXVUJV6,FTMTT,G-IP-OPS,,
Z_INM200934A001,Assigned,G-CORE-OPS,Network-Incident,Fiber Cut Detected,4,Automated alarm for OXVWJ0T: fiber cut detected - immediate action required,2/20/2026 12:09,2/22/2026 12:09,OXVWJ0T,3R30M,G-CORE-OPS,,
Z_INM200507A001,Closed,G-RAN-FO-VFRO-NW,Network-Incident,Fiber Cut Detected,3,Monitoring system detected fiber cut detected on network element OXVLJH7,2/20/2026 1:57,2/21/2026 1:57,OXVLJH7,D5EQY,G-IP-OPS,Issue resolved,Capacity threshold updated to prevent future false alerts.
Z_PRM200561A001,Open,G-CORE-OPS,Problem-Management,Repeated Power Failure Pattern,3,Problem investigation for recurring repeated power failure pattern on OXVPJA1,2/20/2026 20:04,2/21/2026 20:04,OXVPJA1,D84U8,G-RAN-BO-VFRO-ZV,,
Z_INM200627A001,Noticed,G-CORE-OPS,Network-Incident,Power Failure,2,Monitoring system detected power failure on network element OXVG0FN,2/20/2026 2:03,2/20/2026 10:03,OXVG0FN,7S55J,G-RAN-FO-VFRO-ZV,,
Z_INM200454A001,Answered,G-RAN-FO-VFRO-SO,Network-Incident,Packet Loss High,3,NMS alert triggered for OXV5LXO; event: packet loss high,2/20/2026 3:28,2/21/2026 3:28,OXV5LXO,D96QE,G-RAN-FO-VFRO-ZV,Behoben,Remote reconfiguration applied; monitoring for 24h.
Z_SRM200135A001,Open,G-RAN-FO-VFRO-SO,Change-Request,Parameter Optimization,3,Change request for OXVTRP0: parameter optimization,2/20/2026 5:48,2/21/2026 5:48,OXVTRP0,90PDW,G-IP-OPS,,
Z_NEV200170A001,Assigned,G-CORE-OPS,Network-Event,Automated Recovery Triggered,4,Automated alarm for OXVPBHS: automated recovery triggered - immediate action required,2/20/2026 8:10,2/22/2026 8:10,OXVPBHS,X63CF,G-IP-OPS,,
Z_NEV200457A001,Closed,G-RAN-BO-VFRO-ZV,Network-Event,Planned Maintenance Window,5,Automated alarm for OXVHV3A: planned maintenance window - immediate action required,2/21/2026 17:41,2/24/2026 17:41,OXVHV3A,MWWYZ,G-RAN-FO-VFRO-NW,Issue resolved,"Software patch applied, alarm cleared after restart. Ticket correlated with parent problem ticket."
Z_INM200930A001,Noticed,G-RAN-FO-VFRO-NW,Network-Incident,Störung - RBS - Nokia 3G,1,NMS alert triggered for OXVPVS7; event: störung - rbs - nokia 3g,2/22/2026 11:40,2/22/2026 15:40,OXVPVS7,JJA26,G-CORE-OPS,,
Z_INM200342A001,Closed,G-RAN-BO-VFRO-ZV,Network-Incident,Störung - RBS - Nokia 3G,4,Monitoring system detected störung - rbs - nokia 3g on network element OXVLJH7,2/22/2026 20:14,2/24/2026 20:14,OXVLJH7,CBPLJ,G-IP-OPS,Behoben,"Software patch applied, alarm cleared after restart."
Z_INM200419A001,Closed,G-IP-OPS,Network-Incident,Power Failure,4,Automated alarm for OXVTB94: power failure - immediate action required,2/22/2026 22:39,2/24/2026 22:39,OXVTB94,3RZSJ,G-TX-OPS,Behoben,"Fiber splice completed, signal restored to normal levels."
Z_NBL200877A001,Assigned,G-CORE-OPS,Network-Build,New Site Build - Rural,4,Planned activity on OXVYIHA - new site build - rural,2/22/2026 2:12,2/24/2026 2:12,OXVYIHA,5BCW7,G-RAN-FO-VFRO-ZV,,
Z_INM200152A001,Closed,G-RAN-FO-VFRO-SO,Network-Incident,Packet Loss High,3,Monitoring system detected packet loss high on network element OXV253J,2/22/2026 4:18,2/23/2026 4:18,OXV253J,XTOGN,G-RAN-FO-VFRO-NW,Root cause fixed,Remote reconfiguration applied; monitoring for 24h.
Z_NBL200573A001,Closed,G-RAN-FO-VFRO-ZV,Network-Build,Fiber Connectivity Setup,4,Scheduled maintenance: fiber connectivity setup on element OXVMVIH,2/22/2026 7:06,2/24/2026 7:06,OXVMVIH,P0LZJ,G-CORE-OPS,Issue resolved,"Temporary degradation observed, system self-recovered."
Z_NBL200483A001,Closed,G-RAN-FO-VFRO-NW,Network-Build,Power System Installation,3,Scheduled maintenance: power system installation on element OXV5LXO,2/22/2026 9:18,2/23/2026 9:18,OXV5LXO,4NLZ1,G-IP-OPS,Issue resolved,"Additional validation checks completed successfully. Intermittent issue mitigated, root cause still under observation."
Z_INM200381A001,Answered,G-RAN-FO-VFRO-NW,Network-Incident,Cell Unavailable,5,RoboNOC ticket for OXV0LVS; detected event: cell unavailable,2/23/2026 13:41,2/26/2026 13:41,OXV0LVS,RBSV5,G-IP-OPS,Issue resolved,"Fiber splice completed, signal restored to normal levels. Temporary degradation observed, system self-recovered."
Z_INM200786A001,Answered,G-RAN-BO-VFRO-ZV,Network-Incident,Störung - RBS - Huawei 4G,4,Automated alarm for OXVCIDK: störung - rbs - huawei 4g - immediate action required,2/23/2026 22:26,2/25/2026 22:26,OXVCIDK,3R30M,G-IP-OPS,Root cause fixed,Hardware module reset remotely. Traffic restored without errors. Issue correlated with planned maintenance. No action needed.
Z_NBL200443A001,Assigned,G-CORE-OPS,Network-Build,New Site Build - Rural,4,Planned activity on OXV8MDD - new site build - rural,2/23/2026 22:52,2/25/2026 22:52,OXV8MDD,3RZSJ,G-RAN-FO-VFRO-ZV,,
Z_INM200641A001,Assigned,G-IP-OPS,Network-Incident,Cell Unavailable,5,Automated alarm for OXV41IB: cell unavailable - immediate action required,2/23/2026 6:27,2/26/2026 6:27,OXV41IB,XFGCA,G-TX-OPS,,
Z_INM200024A001,In Progress,G-CORE-OPS,Network-Incident,NodeB Degraded,3,RoboNOC ticket for OXV5935; detected event: nodeb degraded,2/23/2026 8:04,2/24/2026 8:04,OXV5935,WX7PT,G-RAN-FO-VFRO-ZV,No impact confirmed,"Power module replaced on-site, all services operational."
Z_INM200776A001,In Progress,G-CORE-OPS,Network-Incident,Störung - RBS - Huawei 4G,3,NMS alert triggered for OXV9XUY; event: störung - rbs - huawei 4g,2/24/2026 11:29,2/25/2026 11:29,OXV9XUY,LPU0D,G-RAN-FO-VFRO-NW,Monitoring ongoing,"Software patch applied, alarm cleared after restart."
Z_SRM200433A001,In Progress,G-RAN-FO-VFRO-NW,Change-Request,Frequency Re-farming,5,Change request for OXVJ7XV: frequency re-farming,2/24/2026 19:11,2/27/2026 19:11,OXVJ7XV,DZR1Y,G-TX-OPS,,
Z_INM200027A001,Closed,G-TX-OPS,Network-Incident,Backhaul Degradation,2,Monitoring system detected backhaul degradation on network element OXV3T60,2/24/2026 22:22,2/25/2026 6:22,OXV3T60,JJA26,G-TX-OPS,Root cause fixed,"Software patch applied, alarm cleared after restart. Hardware module reset remotely. Traffic restored without errors."
Z_INM200788A001,In Progress,G-RAN-FO-VFRO-ZV,Network-Incident,Link Down,5,Automated alarm for OXV6T4U: link down - immediate action required,2/24/2026 7:26,2/27/2026 7:26,OXV6T4U,FTMTT,G-RAN-FO-VFRO-NW,,
Z_NEV200393A001,Closed,G-IP-OPS,Network-Event,Threshold Breach Notification,5,Monitoring system detected threshold breach notification on network element OXVWNNH,2/25/2026 12:27,2/28/2026 12:27,OXVWNNH,D84U8,G-CORE-OPS,Behoben,Vendor dispatched for hardware replacement.
Z_INM200114A001,In Progress,G-CORE-OPS,Network-Incident,Link Down,4,RoboNOC ticket for OXVLY8O; detected event: link down,2/25/2026 16:03,2/27/2026 16:03,OXVLY8O,0982N,G-RAN-FO-VFRO-ZV,Escalated to vendor,Manual intervention performed: service restarted and stability confirmed.
Z_INM200658A001,Open,G-RAN-FO-VFRO-ZV,Network-Incident,Temperature Alarm,1,Monitoring system detected temperature alarm on network element OXV0Y6D,2/26/2026 10:10,2/26/2026 14:10,OXV0Y6D,5PSQ0,G-RAN-FO-VFRO-ZV,,
Z_NBL200737A001,Closed,G-RAN-FO-VFRO-NW,Network-Build,Power System Installation,3,Change request for OXV246H: power system installation,2/26/2026 12:32,2/27/2026 12:32,OXV246H,XPJ4H,G-RAN-BO-VFRO-ZV,Behoben,"Intermittent issue mitigated, root cause still under observation. Intermittent issue mitigated, root cause still under observation."
Z_INM200717A001,In Progress,G-RAN-FO-VFRO-NW,Network-Incident,Störung - RBS - Nokia 3G,5,RoboNOC ticket for OXVIR4C; detected event: störung - rbs - nokia 3g,2/26/2026 22:03,3/1/2026 22:03,OXVIR4C,JJA26,G-TX-OPS,Kein Fehler - Ticket zurückgezogen,Network element unreachable briefly; connectivity restored.
Z_NEV200896A001,Closed,G-IP-OPS,Network-Event,Automated Recovery Triggered,4,RoboNOC ticket for OXVH2M5; detected event: automated recovery triggered,2/26/2026 23:04,2/28/2026 23:04,OXVH2M5,LPU0D,G-RAN-BO-VFRO-ZV,Root cause fixed,Signal fluctuation detected; no persistent fault found.
Z_INM200888A001,Closed,G-RAN-FO-VFRO-NW,Network-Incident,BTS Out of Service,4,Automated alarm for OXVPBHS: bts out of service - immediate action required,2/26/2026 6:28,2/28/2026 6:28,OXVPBHS,MWWYZ,G-RAN-BO-VFRO-ZV,Root cause fixed,Root cause identified as faulty RRU; replacement scheduled.
Z_SRM200370A001,In Progress,G-RAN-FO-VFRO-SO,Change-Request,Antenna Swap,3,Planned activity on OXVPHR6 - antenna swap,2/26/2026 6:29,2/27/2026 6:29,OXVPHR6,YFPMV,G-TX-OPS,,
Z_INM200763A001,Noticed,G-RAN-FO-VFRO-NW,Network-Incident,gNodeB Sync Loss,5,NMS alert triggered for OXVSG65; event: gnodeb sync loss,2/26/2026 7:47,3/1/2026 7:47,OXVSG65,I1B0Z,G-RAN-BO-VFRO-ZV,,
Z_INM200078A001,Noticed,G-CORE-OPS,Network-Incident,Temperature Alarm,5,RoboNOC ticket for OXV5IQV; detected event: temperature alarm,2/26/2026 9:36,3/1/2026 9:36,OXV5IQV,E8F84,G-CORE-OPS,,
Z_INM200281A001,Closed,G-RAN-FO-VFRO-NW,Network-Incident,gNodeB Sync Loss,3,NMS alert triggered for OXVCVS4; event: gnodeb sync loss,2/27/2026 21:02,2/28/2026 21:02,OXVCVS4,QVKIZ,G-CORE-OPS,Behoben,Additional validation checks completed successfully. Signal fluctuation detected; no persistent fault found.
Z_PRM200232A001,Closed,G-RAN-BO-VFRO-ZV,Problem-Management,Recurring Link Down Analysis,4,Analysis of chronic issue: recurring link down analysis affecting OXV5LXO,2/27/2026 22:26,3/1/2026 22:26,OXV5LXO,9K9XJ,G-TX-OPS,Behoben,Signal fluctuation detected; no persistent fault found.
Z_INM200402A001,Noticed,G-RAN-FO-VFRO-ZV,Network-Incident,Störung - RBS - Huawei 4G,4,NMS alert triggered for OXVG0FN; event: störung - rbs - huawei 4g,2/27/2026 22:50,3/1/2026 22:50,OXVG0FN,3NX39,G-RAN-BO-VFRO-ZV,,
Z_NBL200968A001,Closed,G-CORE-OPS,Network-Build,Cabinet Installation,4,Change request for OXVPAC5: cabinet installation,2/27/2026 8:44,3/1/2026 8:44,OXVPAC5,R6K2V,G-RAN-FO-VFRO-NW,Behoben,"Capacity threshold updated to prevent future false alerts. Power module replaced on-site, all services operational."
Z_INM200552A001,Answered,G-CORE-OPS,Network-Incident,Packet Loss High,5,RoboNOC ticket for OXVPVS7; detected event: packet loss high,2/28/2026 10:14,3/3/2026 10:14,OXVPVS7,JJA26,G-RAN-FO-VFRO-ZV,Behoben,"Power module replaced on-site, all services operational."
Z_PRM200364A001,Answered,G-IP-OPS,Problem-Management,Recurring Link Down Analysis,3,Problem investigation for recurring recurring link down analysis on OXVXAJI,2/28/2026 14:41,3/1/2026 14:41,OXVXAJI,JEGET,G-TX-OPS,Root cause fixed,Issue correlated with planned maintenance. No action needed.
Z_SRM200539A001,Closed,G-CORE-OPS,Change-Request,Capacity Expansion - 5G,4,Scheduled maintenance: capacity expansion - 5g on element OXV38DA,2/28/2026 14:42,3/2/2026 14:42,OXV38DA,9K9XJ,G-RAN-BO-VFRO-ZV,Root cause fixed,"Vendor dispatched for hardware replacement. Software patch applied, alarm cleared after restart."
Z_PRM200767A001,Closed,G-RAN-FO-VFRO-SO,Problem-Management,Systematic Packet Loss Root Cause,2,Analysis of chronic issue: systematic packet loss root cause affecting OXV0Y6D,2/28/2026 2:46,2/28/2026 10:46,OXV0Y6D,WX7PT,G-RAN-FO-VFRO-NW,Root cause fixed,"Manual intervention performed: service restarted and stability confirmed. Fiber splice completed, signal restored to normal levels."
Z_INM200127A001,In Progress,G-CORE-OPS,Network-Incident,Störung - RBS - Ericsson 5G,2,Monitoring system detected störung - rbs - ericsson 5g on network element OXV246H,2/28/2026 4:56,2/28/2026 12:56,OXV246H,VIFTT,G-RAN-BO-VFRO-ZV,Kein Fehler - Ticket zurückgezogen,"Fiber splice completed, signal restored to normal levels."
Z_SRM200580A001,Assigned,G-IP-OPS,Change-Request,Configuration Change - Transport,2,Change request for OXVGV0E: configuration change - transport,2/28/2026 7:56,2/28/2026 15:56,OXVGV0E,GB7R3,G-CORE-OPS,,
Z_NEV200218A001,In Progress,G-RAN-FO-VFRO-SO,Network-Event,Planned Maintenance Window,5,Monitoring system detected planned maintenance window on network element OXVOWF7,2/28/2026 8:20,3/3/2026 8:20,OXVOWF7,D96QE,G-CORE-OPS,Kein Fehler - Ticket zurückgezogen,"Fiber splice completed, signal restored to normal levels."
Z_INM200203A001,Open,G-RAN-FO-VFRO-ZV,Network-Incident,S1 Setup Failure,5,Monitoring system detected s1 setup failure on network element OXVT9NT,2/3/2026 0:44,2/6/2026 0:44,OXVT9NT,49ITN,G-IP-OPS,,
Z_SRM200192A001,Noticed,G-TX-OPS,Change-Request,Capacity Expansion - 5G,5,Change request for OXVG0FN: capacity expansion - 5g,2/3/2026 17:33,2/6/2026 17:33,OXVG0FN,Y4LYK,G-CORE-OPS,,
Z_INM200397A001,Open,G-TX-OPS,Network-Incident,Packet Loss High,4,NMS alert triggered for OXVKTAK; event: packet loss high,2/3/2026 4:22,2/5/2026 4:22,OXVKTAK,LPU0D,G-RAN-BO-VFRO-ZV,,
Z_INM200060A001,Closed,G-TX-OPS,Network-Incident,High CPU Usage,4,NMS alert triggered for OXVLY8O; event: high cpu usage,2/3/2026 5:51,2/5/2026 5:51,OXVLY8O,OCWBF,G-RAN-FO-VFRO-NW,Issue resolved,"Hardware module reset remotely. Traffic restored without errors. Temporary degradation observed, system self-recovered."
Z_INM200584A001,Open,G-CORE-OPS,Network-Incident,Link Down,1,Monitoring system detected link down on network element OXV4ZW9,2/3/2026 8:20,2/3/2026 12:20,OXV4ZW9,V2ISQ,G-TX-OPS,,
Z_PRM200394A001,Closed,G-CORE-OPS,Problem-Management,Repeated Power Failure Pattern,1,Root cause investigation: repeated power failure pattern - multiple occurrences on OXVAFEY,2/4/2026 21:47,2/5/2026 1:47,OXVAFEY,ZQY72,G-RAN-FO-VFRO-NW,Issue resolved,Additional validation checks completed successfully.
Z_SRM200857A001,Open,G-RAN-FO-VFRO-SO,Change-Request,Site Integration - New Build,3,Planned activity on OXV6T4U - site integration - new build,2/4/2026 22:24,2/5/2026 22:24,OXV6T4U,08P0F,G-RAN-FO-VFRO-NW,,
Z_NEV200047A001,Noticed,G-RAN-FO-VFRO-NW,Network-Event,Planned Maintenance Window,4,NMS alert triggered for OXVX7EE; event: planned maintenance window,2/5/2026 0:59,2/7/2026 0:59,OXVX7EE,GB7R3,G-CORE-OPS,,
Z_NEV200111A001,Closed,G-RAN-FO-VFRO-NW,Network-Event,Network Monitoring Alert,3,RoboNOC ticket for OXVZCOT; detected event: network monitoring alert,2/5/2026 17:43,2/6/2026 17:43,OXVZCOT,L0UKE,G-IP-OPS,Issue resolved,Hardware module reset remotely. Traffic restored without errors. Network element unreachable briefly; connectivity restored.
Z_SRM200385A001,Closed,G-IP-OPS,Change-Request,Site Integration - New Build,4,Planned activity on OXVTRP0 - site integration - new build,2/5/2026 18:07,2/7/2026 18:07,OXVTRP0,X63CF,G-RAN-FO-VFRO-ZV,Behoben,"Temporary degradation observed, system self-recovered. Vendor dispatched for hardware replacement."
Z_INM200517A001,Answered,G-RAN-FO-VFRO-SO,Network-Incident,Backhaul Degradation,3,NMS alert triggered for OXVPBHS; event: backhaul degradation,2/5/2026 21:08,2/6/2026 21:08,OXVPBHS,UK9E1,G-RAN-FO-VFRO-ZV,Behoben,Network element unreachable briefly; connectivity restored.
Z_INM200878A001,Open,G-RAN-FO-VFRO-NW,Network-Incident,Backhaul Degradation,3,Monitoring system detected backhaul degradation on network element OXVN9J2,2/5/2026 22:31,2/6/2026 22:31,OXVN9J2,3NX39,G-IP-OPS,,
Z_INM200105A001,Noticed,G-IP-OPS,Network-Incident,Backhaul Degradation,4,Automated alarm for OXVI7P5: backhaul degradation - immediate action required,2/6/2026 12:54,2/8/2026 12:54,OXVI7P5,9SKDG,G-CORE-OPS,,
Z_SRM200707A001,In Progress,G-IP-OPS,Change-Request,Fiber Re-route,3,Change request for OXVPBMY: fiber re-route,2/6/2026 19:43,2/7/2026 19:43,OXVPBMY,R5UQP,G-RAN-BO-VFRO-ZV,,
Z_INM200730A001,Closed,G-TX-OPS,Network-Incident,Link Down,3,Monitoring system detected link down on network element OXV5935,2/6/2026 20:48,2/7/2026 20:48,OXV5935,MYX44,G-RAN-FO-VFRO-NW,Root cause fixed,"Software patch applied, alarm cleared after restart. Signal fluctuation detected; no persistent fault found."
Z_NBL200355A001,Assigned,G-RAN-FO-VFRO-NW,Network-Build,Fiber Connectivity Setup,5,Scheduled maintenance: fiber connectivity setup on element OXVHZIO,2/6/2026 20:51,2/9/2026 20:51,OXVHZIO,FTMTT,G-RAN-FO-VFRO-ZV,,
Z_INM200205A001,In Progress,G-CORE-OPS,Network-Incident,Störung - RBS - Huawei 4G,2,Monitoring system detected störung - rbs - huawei 4g on network element OXVHE7U,2/6/2026 21:23,2/7/2026 5:23,OXVHE7U,08P0F,G-RAN-BO-VFRO-ZV,Workaround applied,"Fiber splice completed, signal restored to normal levels."
Z_INM200783A001,Answered,G-IP-OPS,Network-Incident,Fiber Cut Detected,2,Monitoring system detected fiber cut detected on network element OXVZHWJ,2/6/2026 22:21,2/7/2026 6:21,OXVZHWJ,XFGCA,G-RAN-FO-VFRO-ZV,Root cause fixed,Additional validation checks completed successfully. Network element unreachable briefly; connectivity restored.
Z_INM200765A001,Noticed,G-IP-OPS,Network-Incident,Störung - RBS - Nokia 3G,1,Monitoring system detected störung - rbs - nokia 3g on network element OXVZCOT,2/6/2026 3:33,2/6/2026 7:33,OXVZCOT,QLGZU,G-IP-OPS,,
Z_INM200046A001,Closed,G-CORE-OPS,Network-Incident,BTS Out of Service,5,Monitoring system detected bts out of service on network element OXVXLL4,2/6/2026 6:37,2/9/2026 6:37,OXVXLL4,WI6FQ,G-RAN-FO-VFRO-NW,Issue resolved,Root cause identified as faulty RRU; replacement scheduled.
Z_NBL200296A001,In Progress,G-RAN-BO-VFRO-ZV,Network-Build,Power System Installation,4,Change request for OXV3T60: power system installation,2/6/2026 7:02,2/8/2026 7:02,OXV3T60,L0UKE,G-RAN-FO-VFRO-ZV,No impact confirmed,Issue correlated with planned maintenance. No action needed.
Z_SRM200408A001,In Progress,G-RAN-FO-VFRO-SO,Change-Request,Antenna Swap,3,Change request for OXVBNHL: antenna swap,2/7/2026 14:02,2/8/2026 14:02,OXVBNHL,MWWYZ,G-RAN-BO-VFRO-ZV,,
Z_INM200640A001,In Progress,G-RAN-FO-VFRO-ZV,Network-Incident,Fiber Cut Detected,4,Automated alarm for OXV874F: fiber cut detected - immediate action required,2/7/2026 15:02,2/9/2026 15:02,OXV874F,5BCW7,G-IP-OPS,,
Z_INM200509A001,Open,G-IP-OPS,Network-Incident,eNodeB RF Interference,4,Automated alarm for OXVNUJZ: enodeb rf interference - immediate action required,2/7/2026 15:14,2/9/2026 15:14,OXVNUJZ,9SKDG,G-IP-OPS,,
Z_NEV200372A001,Closed,G-CORE-OPS,Network-Event,Network Monitoring Alert,4,Automated alarm for OXV58DR: network monitoring alert - immediate action required,2/8/2026 1:53,2/10/2026 1:53,OXV58DR,QVKIZ,G-TX-OPS,Behoben,Network element unreachable briefly; connectivity restored.
Z_SRM200313A001,Closed,G-IP-OPS,Change-Request,Capacity Expansion - 5G,4,Scheduled maintenance: capacity expansion - 5g on element OXVCWI6,2/8/2026 21:30,2/10/2026 21:30,OXVCWI6,OCWBF,G-CORE-OPS,Behoben,Network element unreachable briefly; connectivity restored. Additional validation checks completed successfully.
Z_SRM200288A001,Assigned,G-RAN-FO-VFRO-ZV,Change-Request,Frequency Re-farming,4,Planned activity on OXVDPPQ - frequency re-farming,2/8/2026 3:26,2/10/2026 3:26,OXVDPPQ,08P0F,G-IP-OPS,,
Z_SRM200108A001,In Progress,G-RAN-FO-VFRO-ZV,Change-Request,Configuration Change - Radio,4,Planned activity on OXVBNHL - configuration change - radio,2/9/2026 10:38,2/11/2026 10:38,OXVBNHL,NRIUU,G-RAN-FO-VFRO-NW,No impact confirmed,Ticket correlated with parent problem ticket.
Z_PRM200104A001,In Progress,G-CORE-OPS,Problem-Management,Intermittent Cell Unavailability,2,Analysis of chronic issue: intermittent cell unavailability affecting OXV08J3,2/9/2026 11:37,2/9/2026 19:37,OXV08J3,5PY6B,G-TX-OPS,Escalated to vendor,"Configuration rollback performed, service normalized."
Z_SRM200703A001,Assigned,G-RAN-BO-VFRO-ZV,Change-Request,Hardware Replacement - BBU,4,Change request for OXVPHT0: hardware replacement - bbu,2/9/2026 16:26,2/11/2026 16:26,OXVPHT0,QX6GV,G-RAN-FO-VFRO-ZV,,
Z_INM200001A001,Assigned,G-RAN-FO-VFRO-SO,Network-Incident,Cell Unavailable,5,RoboNOC ticket for OXV3ZMF; detected event: cell unavailable,2/9/2026 20:19,2/12/2026 20:19,OXV3ZMF,9SKDG,G-IP-OPS,,
Z_INM200678A001,Closed,G-RAN-BO-VFRO-ZV,Network-Incident,Störung - RBS - Ericsson 5G,5,Automated alarm for OXVWAOU: störung - rbs - ericsson 5g - immediate action required,2/9/2026 23:31,2/12/2026 23:31,OXVWAOU,P0LZJ,G-RAN-BO-VFRO-ZV,Root cause fixed,No recurrence observed in the last monitoring window.
Z_INM200692A001,Closed,G-RAN-FO-VFRO-ZV,Network-Incident,Link Down,1,Automated alarm for OXVID25: link down - immediate action required,2/9/2026 4:10,2/9/2026 8:10,OXVID25,JJA26,G-TX-OPS,Root cause fixed,Issue correlated with planned maintenance. No action needed.
Z_INM200544A001,Answered,G-CORE-OPS,Network-Incident,Latency Threshold Exceeded,3,Automated alarm for OXVOWF7: latency threshold exceeded - immediate action required,2/9/2026 5:20,2/10/2026 5:20,OXVOWF7,NRIUU,G-TX-OPS,Root cause fixed,Signal fluctuation detected; no persistent fault found.
Z_SRM200398A001,Open,G-RAN-FO-VFRO-SO,Change-Request,Hardware Replacement - BBU,4,Planned activity on OXVPSEI - hardware replacement - bbu,3/1/2026 19:40,3/3/2026 19:40,OXVPSEI,X63CF,G-RAN-BO-VFRO-ZV,,
Z_INM200380A001,Answered,G-CORE-OPS,Network-Incident,Link Down,1,NMS alert triggered for OXV874F; event: link down,3/1/2026 5:03,3/1/2026 9:03,OXV874F,X4W6X,G-TX-OPS,Root cause fixed,"Antenna realignment completed, coverage restored. Temporary degradation observed, system self-recovered."
Z_NEV200929A001,Closed,G-RAN-FO-VFRO-ZV,Network-Event,Network Monitoring Alert,5,Automated alarm for OXVOFQE: network monitoring alert - immediate action required,3/1/2026 5:07,3/4/2026 5:07,OXVOFQE,D96QE,G-RAN-BO-VFRO-ZV,Behoben,"Configuration rollback performed, service normalized. Signal fluctuation detected; no persistent fault found."
Z_INM200224A001,Noticed,G-TX-OPS,Network-Incident,Cell Unavailable,3,NMS alert triggered for OXV58DR; event: cell unavailable,3/1/2026 7:32,3/2/2026 7:32,OXV58DR,YZ7SR,G-RAN-FO-VFRO-ZV,,
Z_INM200493A001,Open,G-CORE-OPS,Network-Incident,X2 Link Failure,4,NMS alert triggered for OXV4ZW9; event: x2 link failure,3/10/2026 13:39,3/12/2026 13:39,OXV4ZW9,83TQL,G-IP-OPS,,
Z_SRM200797A001,Closed,G-RAN-FO-VFRO-ZV,Change-Request,Software Upgrade - Huawei RAN,3,Scheduled maintenance: software upgrade - huawei ran on element OXVRIXA,3/10/2026 14:32,3/11/2026 14:32,OXVRIXA,ZQY72,G-RAN-BO-VFRO-ZV,Root cause fixed,"Issue correlated with planned maintenance. No action needed. Antenna realignment completed, coverage restored."
Z_INM200821A001,Closed,G-RAN-BO-VFRO-ZV,Network-Incident,High CPU Usage,2,RoboNOC ticket for OXVTEIY; detected event: high cpu usage,3/10/2026 14:48,3/10/2026 22:48,OXVTEIY,KKV9R,G-IP-OPS,Behoben,Manual intervention performed: service restarted and stability confirmed. Remote reconfiguration applied; monitoring for 24h.
Z_INM200952A001,Answered,G-RAN-BO-VFRO-ZV,Network-Incident,eNodeB RF Interference,5,Automated alarm for OXVHE7U: enodeb rf interference - immediate action required,3/10/2026 19:28,3/13/2026 19:28,OXVHE7U,R5UQP,G-TX-OPS,Root cause fixed,Additional validation checks completed successfully.
Z_INM200115A001,In Progress,G-RAN-BO-VFRO-ZV,Network-Incident,VSWR Alarm,4,NMS alert triggered for OXV9T84; event: vswr alarm,3/10/2026 19:48,3/12/2026 19:48,OXV9T84,8T63J,G-RAN-BO-VFRO-ZV,No impact confirmed,"Configuration rollback performed, service normalized."
Z_NBL200201A001,Closed,G-CORE-OPS,Network-Build,Tower Installation,3,Planned activity on OXVDBDW - tower installation,3/10/2026 1:21,3/11/2026 1:21,OXVDBDW,QLGZU,G-RAN-FO-VFRO-ZV,Behoben,"Temporary degradation observed, system self-recovered."
Z_SRM200255A001,Open,G-RAN-FO-VFRO-ZV,Change-Request,Parameter Optimization,4,Scheduled maintenance: parameter optimization on element OXV0YNC,3/10/2026 23:04,3/12/2026 23:04,OXV0YNC,YFPMV,G-RAN-FO-VFRO-ZV,,
Z_INM200596A001,In Progress,G-TX-OPS,Network-Incident,NodeB Degraded,3,RoboNOC ticket for OXVVYIE; detected event: nodeb degraded,3/10/2026 23:32,3/11/2026 23:32,OXVVYIE,V08HH,G-RAN-BO-VFRO-ZV,Workaround applied,"Fiber splice completed, signal restored to normal levels."
Z_PRM200013A001,Answered,G-RAN-BO-VFRO-ZV,Problem-Management,Capacity Planning Review,3,Problem investigation for recurring capacity planning review on OXVX7EE,3/10/2026 3:53,3/11/2026 3:53,OXVX7EE,P0LZJ,G-IP-OPS,Behoben,"Signal fluctuation detected; no persistent fault found. Antenna realignment completed, coverage restored."
Z_SRM200161A001,In Progress,G-TX-OPS,Change-Request,Software Upgrade - Huawei RAN,4,Scheduled maintenance: software upgrade - huawei ran on element OXVPHT0,3/10/2026 4:39,3/12/2026 4:39,OXVPHT0,9TZE5,G-TX-OPS,,
Z_INM200279A001,Noticed,G-RAN-FO-VFRO-ZV,Network-Incident,Fiber Cut Detected,1,RoboNOC ticket for OXV0Y6D; detected event: fiber cut detected,3/11/2026 11:00,3/11/2026 15:00,OXV0Y6D,BNP84,G-RAN-FO-VFRO-NW,,
Z_INM200292A001,Closed,G-TX-OPS,Network-Incident,Transport Congestion,4,RoboNOC ticket for OXV0Y9D; detected event: transport congestion,3/11/2026 16:06,3/13/2026 16:06,OXV0Y9D,YV37D,G-RAN-FO-VFRO-NW,Behoben,Root cause identified as faulty RRU; replacement scheduled.
Z_SRM200348A001,In Progress,G-TX-OPS,Change-Request,Capacity Expansion - 4G,3,Change request for OXVZBIK: capacity expansion - 4g,3/11/2026 23:42,3/12/2026 23:42,OXVZBIK,0982N,G-RAN-FO-VFRO-ZV,Monitoring ongoing,Capacity threshold updated to prevent future false alerts.
Z_INM200815A001,Open,G-RAN-FO-VFRO-ZV,Network-Incident,Störung - RBS - Ericsson 5G,5,NMS alert triggered for OXVPBMY; event: störung - rbs - ericsson 5g,3/11/2026 6:06,3/14/2026 6:06,OXVPBMY,1GHR0,G-IP-OPS,,
Z_SRM200927A001,Closed,G-IP-OPS,Change-Request,Hardware Replacement - RRU,3,Change request for OXV6QJI: hardware replacement - rru,3/11/2026 7:32,3/12/2026 7:32,OXV6QJI,R5UQP,G-TX-OPS,Root cause fixed,"Power module replaced on-site, all services operational. Additional validation checks completed successfully."
Z_SRM200798A001,Noticed,G-RAN-BO-VFRO-ZV,Change-Request,Hardware Replacement - RRU,2,Change request for OXVSG65: hardware replacement - rru,3/11/2026 9:10,3/11/2026 17:10,OXVSG65,R6K2V,G-RAN-FO-VFRO-ZV,,
Z_NBL200551A001,Noticed,G-IP-OPS,Network-Build,Cabinet Installation,4,Scheduled maintenance: cabinet installation on element OXVJ7XV,3/12/2026 11:01,3/14/2026 11:01,OXVJ7XV,L8OS9,G-TX-OPS,,
Z_SRM200746A001,Closed,G-IP-OPS,Change-Request,Software Upgrade - Ericsson RAN,5,Scheduled maintenance: software upgrade - ericsson ran on element OXVDBDW,3/12/2026 14:18,3/15/2026 14:18,OXVDBDW,2ATQY,G-RAN-FO-VFRO-ZV,Behoben,"Vendor dispatched for hardware replacement. Temporary degradation observed, system self-recovered."
Z_NEV200484A001,Noticed,G-IP-OPS,Network-Event,Planned Maintenance Window,4,RoboNOC ticket for OXVUJV6; detected event: planned maintenance window,3/12/2026 16:19,3/14/2026 16:19,OXVUJV6,BNP84,G-RAN-FO-VFRO-NW,,
Z_INM200585A001,Answered,G-RAN-FO-VFRO-NW,Network-Incident,X2 Link Failure,4,Monitoring system detected x2 link failure on network element OXVYIHA,3/12/2026 1:07,3/14/2026 1:07,OXVYIHA,08P0F,G-CORE-OPS,Root cause fixed,Network element unreachable briefly; connectivity restored.
Z_NEV200056A001,Closed,G-RAN-FO-VFRO-ZV,Network-Event,Network Monitoring Alert,3,NMS alert triggered for OXV9MX2; event: network monitoring alert,3/12/2026 1:53,3/13/2026 1:53,OXV9MX2,Y4LYK,G-RAN-BO-VFRO-ZV,Root cause fixed,Additional validation checks completed successfully.
Z_INM200852A001,In Progress,G-RAN-FO-VFRO-ZV,Network-Incident,eNodeB RF Interference,4,RoboNOC ticket for OXV4V30; detected event: enodeb rf interference,3/12/2026 20:30,3/14/2026 20:30,OXV4V30,3R30M,G-TX-OPS,No impact confirmed,"Software patch applied, alarm cleared after restart."
Z_SRM200069A001,Closed,G-CORE-OPS,Change-Request,Parameter Optimization,5,Change request for OXV53LC: parameter optimization,3/12/2026 23:50,3/15/2026 23:50,OXV53LC,UK9E1,G-IP-OPS,Behoben,Redundancy failover confirmed working; primary link under repair. No recurrence observed in the last monitoring window.
Z_INM200328A001,In Progress,G-RAN-FO-VFRO-SO,Network-Incident,Störung - RBS - Nokia 3G,3,NMS alert triggered for OXV55NF; event: störung - rbs - nokia 3g,3/12/2026 2:12,3/13/2026 2:12,OXV55NF,9K9XJ,G-RAN-FO-VFRO-NW,Kein Fehler - Ticket zurückgezogen,"Configuration rollback performed, service normalized."
Z_NEV200974A001,Closed,G-RAN-FO-VFRO-SO,Network-Event,Planned Maintenance Window,4,Automated alarm for OXV2IAG: planned maintenance window - immediate action required,3/12/2026 7:29,3/14/2026 7:29,OXV2IAG,RBSV5,G-TX-OPS,Behoben,Additional validation checks completed successfully.
Z_SRM200804A001,Assigned,G-RAN-BO-VFRO-ZV,Change-Request,Software Upgrade - Huawei RAN,3,Scheduled maintenance: software upgrade - huawei ran on element OXVCVS4,3/12/2026 8:53,3/13/2026 8:53,OXVCVS4,OCWBF,G-IP-OPS,,
Z_NEV200510A001,Closed,G-IP-OPS,Network-Event,Performance Degradation Detected,3,RoboNOC ticket for OXVHE7U; detected event: performance degradation detected,3/12/2026 9:28,3/13/2026 9:28,OXVHE7U,E8F84,G-IP-OPS,Issue resolved,Ticket correlated with parent problem ticket.
Z_PRM200787A001,Closed,G-RAN-FO-VFRO-ZV,Problem-Management,Capacity Planning Review,2,Analysis of chronic issue: capacity planning review affecting OXVQP89,3/13/2026 16:10,3/14/2026 0:10,OXVQP89,3R30M,G-RAN-FO-VFRO-ZV,Behoben,Additional validation checks completed successfully.
Z_NBL200615A001,Noticed,G-CORE-OPS,Network-Build,New Site Build - Urban,4,Change request for OXV1T2T: new site build - urban,3/13/2026 17:12,3/15/2026 17:12,OXV1T2T,WRDML,G-CORE-OPS,,
Z_INM200577A001,Open,G-RAN-FO-VFRO-NW,Network-Incident,Transport Congestion,3,Automated alarm for OXVY9V8: transport congestion - immediate action required,3/13/2026 8:28,3/14/2026 8:28,OXVY9V8,2O7S3,G-TX-OPS,,
Z_INM200089A001,Answered,G-RAN-FO-VFRO-NW,Network-Incident,Störung - RBS - Nokia 3G,4,Automated alarm for OXVYIHA: störung - rbs - nokia 3g - immediate action required,3/13/2026 8:52,3/15/2026 8:52,OXVYIHA,X4W6X,G-IP-OPS,Behoben,Signal fluctuation detected; no persistent fault found.
Z_NBL200666A001,Noticed,G-IP-OPS,Network-Build,Cabinet Installation,4,Planned activity on OXV2GDS - cabinet installation,3/14/2026 15:27,3/16/2026 15:27,OXV2GDS,WRDML,G-CORE-OPS,,
Z_INM200715A001,In Progress,G-CORE-OPS,Network-Incident,X2 Link Failure,4,Automated alarm for OXVRIXA: x2 link failure - immediate action required,3/14/2026 18:00,3/16/2026 18:00,OXVRIXA,8T63J,G-RAN-FO-VFRO-NW,Monitoring ongoing,Root cause identified as faulty RRU; replacement scheduled.
Z_INM200413A001,In Progress,G-RAN-FO-VFRO-ZV,Network-Incident,S1 Setup Failure,5,Automated alarm for OXVI3QK: s1 setup failure - immediate action required,3/14/2026 20:44,3/17/2026 20:44,OXVI3QK,RBSV5,G-RAN-BO-VFRO-ZV,Escalated to vendor,Manual intervention performed: service restarted and stability confirmed.
Z_INM200122A001,Closed,G-RAN-FO-VFRO-NW,Network-Incident,BTS Out of Service,3,Monitoring system detected bts out of service on network element OXV2D54,3/14/2026 21:36,3/15/2026 21:36,OXV2D54,P0LZJ,G-IP-OPS,Behoben,Ticket correlated with parent problem ticket. Network element unreachable briefly; connectivity restored.
Z_INM200942A001,In Progress,G-RAN-FO-VFRO-ZV,Network-Incident,Störung - RBS - Ericsson 5G,3,Monitoring system detected störung - rbs - ericsson 5g on network element OXVJCAT,3/14/2026 2:39,3/15/2026 2:39,OXVJCAT,JJA26,G-TX-OPS,,
Z_PRM200157A001,In Progress,G-RAN-BO-VFRO-ZV,Problem-Management,Recurring Link Down Analysis,3,Root cause investigation: recurring link down analysis - multiple occurrences on OXV58DR,3/14/2026 4:55,3/15/2026 4:55,OXV58DR,7S55J,G-IP-OPS,Monitoring ongoing,Hardware module reset remotely. Traffic restored without errors.
Z_INM200980A001,Assigned,G-RAN-BO-VFRO-ZV,Network-Incident,Link Down,5,RoboNOC ticket for OXVLY8O; detected event: link down,3/14/2026 9:05,3/17/2026 9:05,OXVLY8O,X4W6X,G-CORE-OPS,,
Z_INM200847A001,Noticed,G-RAN-BO-VFRO-ZV,Network-Incident,Cell Unavailable,4,NMS alert triggered for OXVCVS4; event: cell unavailable,3/15/2026 10:06,3/17/2026 10:06,OXVCVS4,7S55J,G-TX-OPS,,
Z_NEV200251A001,Closed,G-IP-OPS,Network-Event,Planned Maintenance Window,4,Monitoring system detected planned maintenance window on network element OXV253J,3/15/2026 12:34,3/17/2026 12:34,OXV253J,L8OS9,G-IP-OPS,Behoben,Network element unreachable briefly; connectivity restored.
Z_SRM200756A001,In Progress,G-RAN-FO-VFRO-NW,Change-Request,Fiber Re-route,3,Scheduled maintenance: fiber re-route on element OXV4ZW9,3/15/2026 13:20,3/16/2026 13:20,OXV4ZW9,XR2DH,G-TX-OPS,No impact confirmed,"Configuration rollback performed, service normalized."
Z_INM200660A001,Closed,G-RAN-BO-VFRO-ZV,Network-Incident,Störung - RBS - Nokia 3G,1,RoboNOC ticket for OXV874F; detected event: störung - rbs - nokia 3g,3/15/2026 13:54,3/15/2026 17:54,OXV874F,YLURT,G-IP-OPS,Root cause fixed,"Intermittent issue mitigated, root cause still under observation."
Z_PRM200973A001,Open,G-TX-OPS,Problem-Management,Recurring Link Down Analysis,4,Problem investigation for recurring recurring link down analysis on OXVI3QK,3/15/2026 15:08,3/17/2026 15:08,OXVI3QK,XFGCA,G-TX-OPS,,
Z_INM200706A001,In Progress,G-TX-OPS,Network-Incident,Transport Congestion,4,Monitoring system detected transport congestion on network element OXVOH9S,3/15/2026 21:01,3/17/2026 21:01,OXVOH9S,7S55J,G-TX-OPS,Kein Fehler - Ticket zurückgezogen,"Antenna realignment completed, coverage restored."
Z_SRM200264A001,In Progress,G-IP-OPS,Change-Request,Parameter Optimization,1,Change request for OXVRIXA: parameter optimization,3/15/2026 22:59,3/16/2026 2:59,OXVRIXA,3R30M,G-CORE-OPS,,
Z_INM200294A001,Closed,G-RAN-FO-VFRO-SO,Network-Incident,S1 Setup Failure,4,Monitoring system detected s1 setup failure on network element OXVUHZ1,3/15/2026 3:21,3/17/2026 3:21,OXVUHZ1,D96QE,G-RAN-FO-VFRO-NW,Root cause fixed,Ticket correlated with parent problem ticket. Network element unreachable briefly; connectivity restored.
Z_PRM200029A001,In Progress,G-RAN-BO-VFRO-ZV,Problem-Management,Capacity Planning Review,4,Root cause investigation: capacity planning review - multiple occurrences on OXVOWF7,3/15/2026 3:27,3/17/2026 3:27,OXVOWF7,5BCW7,G-TX-OPS,Monitoring ongoing,No recurrence observed in the last monitoring window.
Z_SRM200870A001,Closed,G-RAN-FO-VFRO-ZV,Change-Request,Software Upgrade - Huawei RAN,4,Change request for OXV6QJI: software upgrade - huawei ran,3/16/2026 18:30,3/18/2026 18:30,OXV6QJI,MWWYZ,G-RAN-BO-VFRO-ZV,Root cause fixed,Capacity threshold updated to prevent future false alerts.
Z_INM200676A001,Closed,G-RAN-FO-VFRO-NW,Network-Incident,Backhaul Degradation,4,Automated alarm for OXVI3QK: backhaul degradation - immediate action required,3/16/2026 1:04,3/18/2026 1:04,OXVI3QK,YV37D,G-TX-OPS,Root cause fixed,"Network element unreachable briefly; connectivity restored. Intermittent issue mitigated, root cause still under observation."
Z_INM200649A001,In Progress,G-RAN-FO-VFRO-ZV,Network-Incident,Störung - RBS - Huawei 4G,4,Monitoring system detected störung - rbs - huawei 4g on network element OXVY9V8,3/16/2026 1:42,3/18/2026 1:42,OXVY9V8,9TZE5,G-RAN-FO-VFRO-NW,,
Z_INM200859A001,Closed,G-CORE-OPS,Network-Incident,Power Failure,5,NMS alert triggered for OXVI3QK; event: power failure,3/16/2026 20:59,3/19/2026 20:59,OXVI3QK,WRDML,G-TX-OPS,Issue resolved,"Intermittent issue mitigated, root cause still under observation. Capacity threshold updated to prevent future false alerts."
Z_PRM200274A001,Answered,G-RAN-FO-VFRO-NW,Problem-Management,Repeated Power Failure Pattern,4,Analysis of chronic issue: repeated power failure pattern affecting OXVYKL1,3/16/2026 22:18,3/18/2026 22:18,OXVYKL1,1GHR0,G-IP-OPS,Issue resolved,"Power module replaced on-site, all services operational."
Z_INM200367A001,Noticed,G-TX-OPS,Network-Incident,X2 Link Failure,1,RoboNOC ticket for OXVNB4G; detected event: x2 link failure,3/16/2026 2:08,3/16/2026 6:08,OXVNB4G,UK9E1,G-RAN-FO-VFRO-NW,,
Z_PRM200382A001,Open,G-RAN-BO-VFRO-ZV,Problem-Management,Repeated Power Failure Pattern,3,Root cause investigation: repeated power failure pattern - multiple occurrences on OXVR64D,3/16/2026 5:12,3/17/2026 5:12,OXVR64D,Y4LYK,G-IP-OPS,,
Z_SRM200051A001,Closed,G-RAN-BO-VFRO-ZV,Change-Request,Hardware Replacement - RRU,4,Scheduled maintenance: hardware replacement - rru on element OXV3T60,3/16/2026 8:13,3/18/2026 8:13,OXV3T60,JEGET,G-RAN-FO-VFRO-ZV,Behoben,Redundancy failover confirmed working; primary link under repair.
Z_PRM200347A001,In Progress,G-RAN-FO-VFRO-NW,Problem-Management,Intermittent Cell Unavailability,3,Root cause investigation: intermittent cell unavailability - multiple occurrences on OXV874F,3/17/2026 13:26,3/18/2026 13:26,OXV874F,XPJ4H,G-RAN-FO-VFRO-ZV,Kein Fehler - Ticket zurückgezogen,Manual intervention performed: service restarted and stability confirmed.
Z_INM200831A001,Closed,G-RAN-FO-VFRO-NW,Network-Incident,Latency Threshold Exceeded,3,RoboNOC ticket for OXV48P0; detected event: latency threshold exceeded,3/17/2026 13:30,3/18/2026 13:30,OXV48P0,3R30M,G-RAN-BO-VFRO-ZV,Issue resolved,Redundancy failover confirmed working; primary link under repair.
Z_INM200695A001,In Progress,G-IP-OPS,Network-Incident,Link Down,3,Automated alarm for OXVQ85J: link down - immediate action required,3/17/2026 13:44,3/18/2026 13:44,OXVQ85J,RBSV5,G-RAN-BO-VFRO-ZV,No impact confirmed,"Fiber splice completed, signal restored to normal levels."
Z_SRM200449A001,Closed,G-IP-OPS,Change-Request,Parameter Optimization,2,Planned activity on OXVDTJV - parameter optimization,3/17/2026 22:54,3/18/2026 6:54,OXVDTJV,QLGZU,G-IP-OPS,Issue resolved,Issue correlated with planned maintenance. No action needed. Ticket correlated with parent problem ticket.
Z_INM200475A001,Closed,G-CORE-OPS,Network-Incident,VSWR Alarm,5,NMS alert triggered for OXVOFQE; event: vswr alarm,3/17/2026 5:05,3/20/2026 5:05,OXVOFQE,9SKDG,G-RAN-BO-VFRO-ZV,Behoben,"Remote reconfiguration applied; monitoring for 24h. Configuration rollback performed, service normalized."
Z_NBL200392A001,Open,G-TX-OPS,Network-Build,Cabinet Installation,5,Scheduled maintenance: cabinet installation on element OXVZBIK,3/17/2026 5:24,3/20/2026 5:24,OXVZBIK,XTOGN,G-TX-OPS,,
Z_SRM200228A001,Closed,G-RAN-FO-VFRO-NW,Change-Request,Capacity Expansion - 4G,3,Scheduled maintenance: capacity expansion - 4g on element OXVRTJ5,3/17/2026 9:29,3/18/2026 9:29,OXVRTJ5,P0LZJ,G-CORE-OPS,Behoben,Ticket correlated with parent problem ticket. Ticket correlated with parent problem ticket.
Z_INM200743A001,Assigned,G-RAN-FO-VFRO-NW,Network-Incident,High CPU Usage,3,Monitoring system detected high cpu usage on network element OXV2D54,3/18/2026 11:13,3/19/2026 11:13,OXV2D54,9TZE5,G-TX-OPS,,
Z_NBL200633A001,In Progress,G-RAN-BO-VFRO-ZV,Network-Build,Power System Installation,4,Scheduled maintenance: power system installation on element OXVPJA1,3/18/2026 18:15,3/20/2026 18:15,OXVPJA1,1GHR0,G-RAN-FO-VFRO-NW,,
Z_PRM200128A001,In Progress,G-TX-OPS,Problem-Management,Repeated Power Failure Pattern,2,Analysis of chronic issue: repeated power failure pattern affecting OXVAXEQ,3/18/2026 20:03,3/19/2026 4:03,OXVAXEQ,D5EQY,G-RAN-BO-VFRO-ZV,Escalated to vendor,"Software patch applied, alarm cleared after restart."
Z_NBL200257A001,Noticed,G-IP-OPS,Network-Build,New Site Build - Rural,3,Change request for OXVIR4C: new site build - rural,3/18/2026 7:01,3/19/2026 7:01,OXVIR4C,V2ISQ,G-TX-OPS,,
Z_NEV200130A001,Assigned,G-RAN-FO-VFRO-SO,Network-Event,Performance Degradation Detected,3,NMS alert triggered for OXVWAOU; event: performance degradation detected,3/18/2026 7:12,3/19/2026 7:12,OXVWAOU,IA5U6,G-RAN-BO-VFRO-ZV,,
Z_NEV200065A001,Open,G-CORE-OPS,Network-Event,Performance Degradation Detected,4,Monitoring system detected performance degradation detected on network element OXVBNHL,3/18/2026 8:38,3/20/2026 8:38,OXVBNHL,LPU0D,G-CORE-OPS,,
Z_PRM200589A001,Open,G-TX-OPS,Problem-Management,Intermittent Cell Unavailability,4,Analysis of chronic issue: intermittent cell unavailability affecting OXVAXEQ,3/19/2026 14:38,3/21/2026 14:38,OXVAXEQ,HC36K,G-RAN-FO-VFRO-NW,,
Z_INM200067A001,Closed,G-RAN-BO-VFRO-ZV,Network-Incident,Temperature Alarm,4,RoboNOC ticket for OXVQ85J; detected event: temperature alarm,3/19/2026 18:50,3/21/2026 18:50,OXVQ85J,WI6FQ,G-IP-OPS,Issue resolved,Additional validation checks completed successfully.
Z_INM200154A001,Assigned,G-RAN-FO-VFRO-NW,Network-Incident,Temperature Alarm,5,Automated alarm for OXVXAJI: temperature alarm - immediate action required,3/19/2026 5:29,3/22/2026 5:29,OXVXAJI,OCWBF,G-CORE-OPS,,
Z_INM200926A001,Open,G-IP-OPS,Network-Incident,Cell Unavailable,5,Monitoring system detected cell unavailable on network element OXVCIDK,3/19/2026 5:58,3/22/2026 5:58,OXVCIDK,KKV9R,G-TX-OPS,,
Z_INM200714A001,Answered,G-RAN-FO-VFRO-SO,Network-Incident,S1 Setup Failure,4,NMS alert triggered for OXV5IQV; event: s1 setup failure,3/19/2026 6:40,3/21/2026 6:40,OXV5IQV,3NX39,G-RAN-BO-VFRO-ZV,Behoben,"Manual intervention performed: service restarted and stability confirmed. Temporary degradation observed, system self-recovered."
Z_INM200653A001,Assigned,G-TX-OPS,Network-Incident,eNodeB RF Interference,5,Automated alarm for OXV53LC: enodeb rf interference - immediate action required,3/2/2026 10:14,3/5/2026 10:14,OXV53LC,2O7S3,G-CORE-OPS,,
Z_NBL200978A001,Closed,G-RAN-FO-VFRO-NW,Network-Build,Cabinet Installation,3,Planned activity on OXVPSEI - cabinet installation,3/2/2026 14:54,3/3/2026 14:54,OXVPSEI,UK9E1,G-TX-OPS,Root cause fixed,"No recurrence observed in the last monitoring window. Power module replaced on-site, all services operational."
Z_SRM200607A001,Closed,G-TX-OPS,Change-Request,Capacity Expansion - 4G,3,Scheduled maintenance: capacity expansion - 4g on element OXVPUXQ,3/2/2026 15:12,3/3/2026 15:12,OXVPUXQ,XFGCA,G-TX-OPS,Root cause fixed,Manual intervention performed: service restarted and stability confirmed.
Z_SRM200418A001,Closed,G-CORE-OPS,Change-Request,Software Upgrade - Ericsson RAN,4,Change request for OXVDBDW: software upgrade - ericsson ran,3/2/2026 16:15,3/4/2026 16:15,OXVDBDW,QLGZU,G-RAN-FO-VFRO-ZV,Issue resolved,"Power module replaced on-site, all services operational. Intermittent issue mitigated, root cause still under observation."
Z_SRM200267A001,Noticed,G-CORE-OPS,Change-Request,Configuration Change - Transport,5,Scheduled maintenance: configuration change - transport on element OXVWJ0T,3/2/2026 17:04,3/5/2026 17:04,OXVWJ0T,9SKDG,G-CORE-OPS,,
Z_INM200984A001,Closed,G-RAN-FO-VFRO-NW,Network-Incident,gNodeB Sync Loss,4,Automated alarm for OXV0Y6D: gnodeb sync loss - immediate action required,3/2/2026 18:45,3/4/2026 18:45,OXV0Y6D,VIFTT,G-RAN-BO-VFRO-ZV,Root cause fixed,Remote reconfiguration applied; monitoring for 24h. No recurrence observed in the last monitoring window.
Z_INM200863A001,Closed,G-IP-OPS,Network-Incident,Temperature Alarm,3,Monitoring system detected temperature alarm on network element OXVRIXA,3/2/2026 19:29,3/3/2026 19:29,OXVRIXA,7S55J,G-IP-OPS,Issue resolved,Hardware module reset remotely. Traffic restored without errors.
Z_PRM200417A001,Open,G-CORE-OPS,Problem-Management,Capacity Planning Review,4,Problem investigation for recurring capacity planning review on OXVN9J2,3/2/2026 9:16,3/4/2026 9:16,OXVN9J2,JEGET,G-CORE-OPS,,
Z_NEV200605A001,In Progress,G-RAN-FO-VFRO-ZV,Network-Event,Automated Recovery Triggered,4,Monitoring system detected automated recovery triggered on network element OXV5935,3/20/2026 10:29,3/22/2026 10:29,OXV5935,3NX39,G-IP-OPS,Workaround applied,Redundancy failover confirmed working; primary link under repair.
Z_INM200526A001,Closed,G-IP-OPS,Network-Incident,Packet Loss High,3,Monitoring system detected packet loss high on network element OXVH2M5,3/20/2026 12:50,3/21/2026 12:50,OXVH2M5,OF8KR,G-RAN-FO-VFRO-NW,Issue resolved,"Fiber splice completed, signal restored to normal levels."
Z_NEV200278A001,Closed,G-TX-OPS,Network-Event,Performance Degradation Detected,4,Monitoring system detected performance degradation detected on network element OXVW3ZP,3/20/2026 12:51,3/22/2026 12:51,OXVW3ZP,R5UQP,G-RAN-BO-VFRO-ZV,Root cause fixed,"Temporary degradation observed, system self-recovered."
Z_INM200812A001,Closed,G-RAN-FO-VFRO-SO,Network-Incident,BTS Out of Service,3,Monitoring system detected bts out of service on network element OXV08J3,3/20/2026 15:54,3/21/2026 15:54,OXV08J3,08P0F,G-RAN-FO-VFRO-ZV,Behoben,Hardware module reset remotely. Traffic restored without errors. Vendor dispatched for hardware replacement.
Z_INM200462A001,Assigned,G-RAN-FO-VFRO-ZV,Network-Incident,Störung - RBS - Huawei 4G,3,RoboNOC ticket for OXVCKJL; detected event: störung - rbs - huawei 4g,3/20/2026 17:48,3/21/2026 17:48,OXVCKJL,YLURT,G-IP-OPS,,
Z_PRM200630A001,In Progress,G-RAN-FO-VFRO-SO,Problem-Management,Capacity Planning Review,3,Analysis of chronic issue: capacity planning review affecting OXVAZYT,3/20/2026 23:34,3/21/2026 23:34,OXVAZYT,XTOGN,G-TX-OPS,,
Z_SRM200099A001,Closed,G-RAN-FO-VFRO-NW,Change-Request,Frequency Re-farming,2,Planned activity on OXV1SWJ - frequency re-farming,3/20/2026 2:41,3/20/2026 10:41,OXV1SWJ,D5EQY,G-RAN-FO-VFRO-NW,Behoben,Additional validation checks completed successfully.
Z_NBL200792A001,Noticed,G-RAN-BO-VFRO-ZV,Network-Build,Cabinet Installation,3,Change request for OXVI7P5: cabinet installation,3/20/2026 3:48,3/21/2026 3:48,OXVI7P5,9TZE5,G-RAN-FO-VFRO-ZV,,
Z_INM200755A001,Noticed,G-IP-OPS,Network-Incident,gNodeB Sync Loss,4,Monitoring system detected gnodeb sync loss on network element OXVPUXQ,3/20/2026 4:29,3/22/2026 4:29,OXVPUXQ,CBPLJ,G-RAN-FO-VFRO-NW,,
Z_INM200671A001,In Progress,G-IP-OPS,Network-Incident,X2 Link Failure,3,Monitoring system detected x2 link failure on network element OXVRTJ5,3/20/2026 9:53,3/21/2026 9:53,OXVRTJ5,E8F84,G-RAN-FO-VFRO-ZV,No impact confirmed,Root cause identified as faulty RRU; replacement scheduled.
Z_NBL200057A001,Closed,G-CORE-OPS,Network-Build,Fiber Connectivity Setup,4,Scheduled maintenance: fiber connectivity setup on element OXV41IB,3/21/2026 12:05,3/23/2026 12:05,OXV41IB,2O7S3,G-RAN-FO-VFRO-NW,Behoben,Signal fluctuation detected; no persistent fault found. Network element unreachable briefly; connectivity restored.
Z_INM200766A001,Noticed,G-CORE-OPS,Network-Incident,Störung - RBS - Ericsson 5G,4,RoboNOC ticket for OXVAZYT; detected event: störung - rbs - ericsson 5g,3/21/2026 18:05,3/23/2026 18:05,OXVAZYT,WI6FQ,G-RAN-BO-VFRO-ZV,,
Z_SRM200838A001,Closed,G-RAN-FO-VFRO-SO,Change-Request,Software Upgrade - Ericsson RAN,4,Change request for OXVAZYT: software upgrade - ericsson ran,3/21/2026 20:42,3/23/2026 20:42,OXVAZYT,OCWBF,G-RAN-FO-VFRO-ZV,Root cause fixed,Redundancy failover confirmed working; primary link under repair. Capacity threshold updated to prevent future false alerts.
Z_INM200809A001,In Progress,G-RAN-FO-VFRO-NW,Network-Incident,eNodeB RF Interference,4,NMS alert triggered for OXVOM5I; event: enodeb rf interference,3/21/2026 21:50,3/23/2026 21:50,OXVOM5I,9K9XJ,G-RAN-BO-VFRO-ZV,No impact confirmed,"Power module replaced on-site, all services operational."
Z_INM200943A001,In Progress,G-RAN-FO-VFRO-ZV,Network-Incident,Backhaul Degradation,4,NMS alert triggered for OXVPJA1; event: backhaul degradation,3/21/2026 6:03,3/23/2026 6:03,OXVPJA1,ZQY72,G-IP-OPS,Kein Fehler - Ticket zurückgezogen,Redundancy failover confirmed working; primary link under repair.
Z_INM200305A001,Noticed,G-RAN-FO-VFRO-SO,Network-Incident,Störung - RBS - Ericsson 5G,3,NMS alert triggered for OXV55NF; event: störung - rbs - ericsson 5g,3/21/2026 8:25,3/22/2026 8:25,OXV55NF,UY0BV,G-RAN-BO-VFRO-ZV,,
Z_INM200188A001,In Progress,G-TX-OPS,Network-Incident,Backhaul Degradation,3,Monitoring system detected backhaul degradation on network element OXVPSEI,3/22/2026 0:01,3/23/2026 0:01,OXVPSEI,JEGET,G-TX-OPS,,
Z_SRM200841A001,Noticed,G-IP-OPS,Change-Request,Power System Upgrade,3,Change request for OXVX7EE: power system upgrade,3/22/2026 11:58,3/23/2026 11:58,OXVX7EE,7PZE9,G-CORE-OPS,,
Z_NEV200272A001,Closed,G-RAN-BO-VFRO-ZV,Network-Event,Automated Recovery Triggered,3,Monitoring system detected automated recovery triggered on network element OXVA0L7,3/22/2026 18:22,3/23/2026 18:22,OXVA0L7,8T63J,G-RAN-BO-VFRO-ZV,Behoben,"Configuration rollback performed, service normalized."
Z_INM200474A001,In Progress,G-RAN-FO-VFRO-SO,Network-Incident,Power Failure,3,Automated alarm for OXV2D54: power failure - immediate action required,3/22/2026 2:50,3/23/2026 2:50,OXV2D54,83TQL,G-RAN-FO-VFRO-ZV,Monitoring ongoing,Network element unreachable briefly; connectivity restored.
Z_SRM200261A001,In Progress,G-CORE-OPS,Change-Request,Capacity Expansion - 4G,3,Scheduled maintenance: capacity expansion - 4g on element OXVCQ99,3/22/2026 3:31,3/23/2026 3:31,OXVCQ99,D96QE,G-IP-OPS,Workaround applied,"Power module replaced on-site, all services operational."
Z_PRM200886A001,Closed,G-IP-OPS,Problem-Management,Systematic Packet Loss Root Cause,4,Analysis of chronic issue: systematic packet loss root cause affecting OXVGV0E,3/23/2026 0:43,3/25/2026 0:43,OXVGV0E,YZ7SR,G-RAN-FO-VFRO-NW,Root cause fixed,"Intermittent issue mitigated, root cause still under observation."
Z_PRM200751A001,Closed,G-TX-OPS,Problem-Management,Capacity Planning Review,4,Problem investigation for recurring capacity planning review on OXVTB94,3/23/2026 11:52,3/25/2026 11:52,OXVTB94,OXFQ8,G-RAN-FO-VFRO-NW,Root cause fixed,Vendor dispatched for hardware replacement.
Z_INM200004A001,Open,G-IP-OPS,Network-Incident,High CPU Usage,3,RoboNOC ticket for OXVPVS7; detected event: high cpu usage,3/23/2026 17:49,3/24/2026 17:49,OXVPVS7,OF8KR,G-RAN-FO-VFRO-ZV,,
Z_INM200326A001,Open,G-RAN-BO-VFRO-ZV,Network-Incident,Transport Congestion,3,Monitoring system detected transport congestion on network element OXV7Y6W,3/23/2026 20:25,3/24/2026 20:25,OXV7Y6W,9YJB1,G-RAN-FO-VFRO-NW,,
Z_INM200133A001,Noticed,G-CORE-OPS,Network-Incident,eNodeB RF Interference,5,RoboNOC ticket for OXVTVHH; detected event: enodeb rf interference,3/23/2026 5:25,3/26/2026 5:25,OXVTVHH,HC36K,G-TX-OPS,,
Z_NBL200074A001,Closed,G-TX-OPS,Network-Build,New Site Build - Urban,3,Change request for OXVYKL1: new site build - urban,3/23/2026 7:39,3/24/2026 7:39,OXVYKL1,JEGET,G-RAN-FO-VFRO-NW,Root cause fixed,"Intermittent issue mitigated, root cause still under observation."
Z_INM200465A001,Noticed,G-CORE-OPS,Network-Incident,Backhaul Degradation,3,NMS alert triggered for OXVQ85J; event: backhaul degradation,3/24/2026 18:17,3/25/2026 18:17,OXVQ85J,P49KW,G-TX-OPS,,
Z_INM200187A001,Closed,G-CORE-OPS,Network-Incident,Packet Loss High,3,Automated alarm for OXVR23G: packet loss high - immediate action required,3/24/2026 20:23,3/25/2026 20:23,OXVR23G,IA5U6,G-RAN-FO-VFRO-NW,Root cause fixed,"Intermittent issue mitigated, root cause still under observation. Fiber splice completed, signal restored to normal levels."
Z_NBL200642A001,Closed,G-TX-OPS,Network-Build,Fiber Connectivity Setup,4,Scheduled maintenance: fiber connectivity setup on element OXV3ZMF,3/24/2026 22:29,3/26/2026 22:29,OXV3ZMF,3R30M,G-IP-OPS,Issue resolved,"Hardware module reset remotely. Traffic restored without errors. Software patch applied, alarm cleared after restart."
Z_NEV200322A001,Closed,G-CORE-OPS,Network-Event,Automated Recovery Triggered,3,Monitoring system detected automated recovery triggered on network element OXV9MX2,3/24/2026 4:08,3/25/2026 4:08,OXV9MX2,D96QE,G-RAN-BO-VFRO-ZV,Issue resolved,"Hardware module reset remotely. Traffic restored without errors. Antenna realignment completed, coverage restored."
Z_INM200810A001,Closed,G-TX-OPS,Network-Incident,eNodeB RF Interference,2,Monitoring system detected enodeb rf interference on network element OXV9XUY,3/24/2026 6:12,3/24/2026 14:12,OXV9XUY,JEGET,G-RAN-BO-VFRO-ZV,Issue resolved,"Fiber splice completed, signal restored to normal levels. No recurrence observed in the last monitoring window."
Z_SRM200631A001,Closed,G-IP-OPS,Change-Request,Hardware Replacement - BBU,4,Scheduled maintenance: hardware replacement - bbu on element OXVN9J2,3/24/2026 6:49,3/26/2026 6:49,OXVN9J2,ZQY72,G-TX-OPS,Root cause fixed,Hardware module reset remotely. Traffic restored without errors.
Z_NBL200997A001,In Progress,G-RAN-FO-VFRO-ZV,Network-Build,Cabinet Installation,4,Change request for OXV8JDP: cabinet installation,3/24/2026 8:20,3/26/2026 8:20,OXV8JDP,YZ7SR,G-IP-OPS,Monitoring ongoing,"Antenna realignment completed, coverage restored."
Z_PRM200390A001,Noticed,G-CORE-OPS,Problem-Management,Systematic Packet Loss Root Cause,4,Analysis of chronic issue: systematic packet loss root cause affecting OXV3T60,3/25/2026 0:33,3/27/2026 0:33,OXV3T60,ODRO8,G-RAN-FO-VFRO-NW,,
Z_INM200884A001,Assigned,G-IP-OPS,Network-Incident,Link Down,3,NMS alert triggered for OXVCVS4; event: link down,3/25/2026 15:18,3/26/2026 15:18,OXVCVS4,ZQY72,G-CORE-OPS,,
Z_INM200874A001,Closed,G-RAN-FO-VFRO-ZV,Network-Incident,Latency Threshold Exceeded,3,NMS alert triggered for OXV1T2T; event: latency threshold exceeded,3/25/2026 15:53,3/26/2026 15:53,OXV1T2T,0982N,G-IP-OPS,Behoben,Remote reconfiguration applied; monitoring for 24h.
Z_INM200124A001,Open,G-CORE-OPS,Network-Incident,S1 Setup Failure,2,Monitoring system detected s1 setup failure on network element OXV0Y6D,3/25/2026 16:30,3/26/2026 0:30,OXV0Y6D,2O7S3,G-IP-OPS,,
Z_SRM200156A001,Noticed,G-RAN-FO-VFRO-ZV,Change-Request,Configuration Change - Radio,3,Change request for OXVZCOT: configuration change - radio,3/25/2026 1:41,3/26/2026 1:41,OXVZCOT,YLURT,G-RAN-BO-VFRO-ZV,,
Z_SRM200286A001,In Progress,G-RAN-BO-VFRO-ZV,Change-Request,Antenna Swap,3,Change request for OXVID25: antenna swap,3/25/2026 4:03,3/26/2026 4:03,OXVID25,HC36K,G-TX-OPS,,
Z_INM200058A001,Answered,G-RAN-BO-VFRO-ZV,Network-Incident,Fiber Cut Detected,2,RoboNOC ticket for OXVAFEY; detected event: fiber cut detected,3/26/2026 0:08,3/26/2026 8:08,OXVAFEY,3NX39,G-TX-OPS,Behoben,No recurrence observed in the last monitoring window.
Z_SRM200537A001,In Progress,G-TX-OPS,Change-Request,Capacity Expansion - 5G,3,Change request for OXVL58K: capacity expansion - 5g,3/26/2026 15:51,3/27/2026 15:51,OXVL58K,MWWYZ,G-RAN-FO-VFRO-NW,No impact confirmed,Additional validation checks completed successfully.
Z_NEV200603A001,Closed,G-RAN-FO-VFRO-ZV,Network-Event,Performance Degradation Detected,4,RoboNOC ticket for OXVAFEY; detected event: performance degradation detected,3/26/2026 6:55,3/28/2026 6:55,OXVAFEY,9TZE5,G-IP-OPS,Root cause fixed,Hardware module reset remotely. Traffic restored without errors. Signal fluctuation detected; no persistent fault found.
Z_INM200940A001,Closed,G-RAN-FO-VFRO-ZV,Network-Incident,Störung - RBS - Huawei 4G,2,NMS alert triggered for OXVWNNH; event: störung - rbs - huawei 4g,3/27/2026 11:59,3/27/2026 19:59,OXVWNNH,83TQL,G-RAN-FO-VFRO-NW,Behoben,Additional validation checks completed successfully. Hardware module reset remotely. Traffic restored without errors.
Z_SRM200033A001,Closed,G-RAN-FO-VFRO-SO,Change-Request,Capacity Expansion - 5G,4,Planned activity on OXVOWF7 - capacity expansion - 5g,3/27/2026 13:19,3/29/2026 13:19,OXVOWF7,9K9XJ,G-RAN-BO-VFRO-ZV,Root cause fixed,"Antenna realignment completed, coverage restored. Vendor dispatched for hardware replacement."
Z_NBL200996A001,Closed,G-RAN-FO-VFRO-NW,Network-Build,Fiber Connectivity Setup,3,Planned activity on OXVUZFK - fiber connectivity setup,3/27/2026 18:13,3/28/2026 18:13,OXVUZFK,L0UKE,G-IP-OPS,Issue resolved,"Fiber splice completed, signal restored to normal levels. Additional validation checks completed successfully."
Z_INM200668A001,Open,G-RAN-FO-VFRO-SO,Network-Incident,Power Failure,3,Automated alarm for OXVIR4C: power failure - immediate action required,3/27/2026 18:25,3/28/2026 18:25,OXVIR4C,OXFQ8,G-CORE-OPS,,
Z_INM200247A001,Closed,G-RAN-FO-VFRO-ZV,Network-Incident,Fiber Cut Detected,3,Automated alarm for OXV9XUY: fiber cut detected - immediate action required,3/27/2026 1:59,3/28/2026 1:59,OXV9XUY,X63CF,G-CORE-OPS,Issue resolved,"Antenna realignment completed, coverage restored. Redundancy failover confirmed working; primary link under repair."
Z_INM200691A001,Closed,G-RAN-BO-VFRO-ZV,Network-Incident,Störung - RBS - Huawei 4G,5,RoboNOC ticket for OXVNUJZ; detected event: störung - rbs - huawei 4g,3/27/2026 20:08,3/30/2026 20:08,OXVNUJZ,YZ7SR,G-RAN-FO-VFRO-NW,Issue resolved,No recurrence observed in the last monitoring window. Capacity threshold updated to prevent future false alerts.
Z_INM200467A001,Closed,G-RAN-BO-VFRO-ZV,Network-Incident,High CPU Usage,4,Automated alarm for OXV1T2T: high cpu usage - immediate action required,3/27/2026 4:18,3/29/2026 4:18,OXV1T2T,D96QE,G-CORE-OPS,Issue resolved,Hardware module reset remotely. Traffic restored without errors.
Z_NEV200520A001,Closed,G-RAN-FO-VFRO-SO,Network-Event,Threshold Breach Notification,3,RoboNOC ticket for OXVUZFK; detected event: threshold breach notification,3/27/2026 8:59,3/28/2026 8:59,OXVUZFK,X4W6X,G-RAN-FO-VFRO-NW,Behoben,"Configuration rollback performed, service normalized. Vendor dispatched for hardware replacement."
Z_NEV200501A001,Closed,G-CORE-OPS,Network-Event,Planned Maintenance Window,3,RoboNOC ticket for OXVI4Q2; detected event: planned maintenance window,3/28/2026 12:32,3/29/2026 12:32,OXVI4Q2,OXFQ8,G-IP-OPS,Behoben,Remote reconfiguration applied; monitoring for 24h. Vendor dispatched for hardware replacement.
Z_SRM200647A001,Open,G-RAN-FO-VFRO-SO,Change-Request,Antenna Swap,3,Scheduled maintenance: antenna swap on element OXVPVS7,3/28/2026 16:38,3/29/2026 16:38,OXVPVS7,R5UQP,G-TX-OPS,,
Z_INM200032A001,In Progress,G-RAN-FO-VFRO-ZV,Network-Incident,Temperature Alarm,4,NMS alert triggered for OXVHE7U; event: temperature alarm,3/28/2026 6:06,3/30/2026 6:06,OXVHE7U,JJA26,G-CORE-OPS,Escalated to vendor,Issue correlated with planned maintenance. No action needed.
Z_INM200026A001,Answered,G-IP-OPS,Network-Incident,NodeB Degraded,4,RoboNOC ticket for OXV5IQV; detected event: nodeb degraded,3/29/2026 11:35,3/31/2026 11:35,OXV5IQV,D84U8,G-TX-OPS,Root cause fixed,Network element unreachable briefly; connectivity restored. Manual intervention performed: service restarted and stability confirmed.
Z_INM200850A001,Closed,G-RAN-FO-VFRO-NW,Network-Incident,Packet Loss High,5,Automated alarm for OXV6QJI: packet loss high - immediate action required,3/29/2026 13:14,4/1/2026 13:14,OXV6QJI,QX6GV,G-CORE-OPS,Behoben,"Power module replaced on-site, all services operational."
Z_SRM200829A001,Assigned,G-RAN-FO-VFRO-ZV,Change-Request,Configuration Change - Transport,2,Planned activity on OXVOH9S - configuration change - transport,3/29/2026 15:46,3/29/2026 23:46,OXVOH9S,ZQY72,G-IP-OPS,,
Z_INM200182A001,Assigned,G-CORE-OPS,Network-Incident,gNodeB Sync Loss,3,NMS alert triggered for OXVVZ41; event: gnodeb sync loss,3/29/2026 18:05,3/30/2026 18:05,OXVVZ41,KKV9R,G-RAN-FO-VFRO-ZV,,
Z_INM200487A001,Closed,G-RAN-FO-VFRO-NW,Network-Incident,S1 Setup Failure,2,Monitoring system detected s1 setup failure on network element OXVX7EE,3/29/2026 20:23,3/30/2026 4:23,OXVX7EE,X4W6X,G-CORE-OPS,Issue resolved,No recurrence observed in the last monitoring window. Root cause identified as faulty RRU; replacement scheduled.
Z_INM200995A001,Noticed,G-RAN-FO-VFRO-SO,Network-Incident,NodeB Degraded,3,RoboNOC ticket for OXVPHR6; detected event: nodeb degraded,3/3/2026 13:11,3/4/2026 13:11,OXVPHR6,MYX44,G-CORE-OPS,,
Z_INM200052A001,Closed,G-CORE-OPS,Network-Incident,Fiber Cut Detected,2,NMS alert triggered for OXVXLL4; event: fiber cut detected,3/3/2026 1:08,3/3/2026 9:08,OXVXLL4,OXFQ8,G-RAN-FO-VFRO-ZV,Behoben,Capacity threshold updated to prevent future false alerts.
Z_NBL200100A001,Closed,G-TX-OPS,Network-Build,New Site Build - Rural,5,Scheduled maintenance: new site build - rural on element OXVG0FN,3/3/2026 22:11,3/6/2026 22:11,OXVG0FN,QVKIZ,G-IP-OPS,Issue resolved,"Software patch applied, alarm cleared after restart."
Z_INM200969A001,Closed,G-RAN-BO-VFRO-ZV,Network-Incident,Latency Threshold Exceeded,2,RoboNOC ticket for OXV1SWJ; detected event: latency threshold exceeded,3/3/2026 22:12,3/4/2026 6:12,OXV1SWJ,FTMTT,G-RAN-FO-VFRO-NW,Root cause fixed,"Antenna realignment completed, coverage restored. Root cause identified as faulty RRU; replacement scheduled."
Z_NEV200044A001,Assigned,G-IP-OPS,Network-Event,Planned Maintenance Window,4,NMS alert triggered for OXVZCOT; event: planned maintenance window,3/3/2026 6:46,3/5/2026 6:46,OXVZCOT,JEGET,G-RAN-BO-VFRO-ZV,,
Z_INM200317A001,In Progress,G-CORE-OPS,Network-Incident,Cell Unavailable,4,Monitoring system detected cell unavailable on network element OXV4ZW9,3/3/2026 7:24,3/5/2026 7:24,OXV4ZW9,9TZE5,G-RAN-FO-VFRO-NW,Workaround applied,Additional validation checks completed successfully.
Z_NEV200436A001,Closed,G-RAN-BO-VFRO-ZV,Network-Event,Network Monitoring Alert,4,Monitoring system detected network monitoring alert on network element OXVOFQE,3/30/2026 13:14,4/1/2026 13:14,OXVOFQE,WI6FQ,G-RAN-FO-VFRO-ZV,Issue resolved,Manual intervention performed: service restarted and stability confirmed.
Z_NBL200246A001,Closed,G-IP-OPS,Network-Build,New Site Build - Rural,3,Planned activity on OXVX7EE - new site build - rural,3/30/2026 15:37,3/31/2026 15:37,OXVX7EE,OCWBF,G-IP-OPS,Root cause fixed,Root cause identified as faulty RRU; replacement scheduled. Manual intervention performed: service restarted and stability confirmed.
Z_NEV200955A001,Closed,G-RAN-BO-VFRO-ZV,Network-Event,Automated Recovery Triggered,4,Monitoring system detected automated recovery triggered on network element OXV9MX2,3/30/2026 1:35,4/1/2026 1:35,OXV9MX2,GB7R3,G-RAN-FO-VFRO-ZV,Root cause fixed,Remote reconfiguration applied; monitoring for 24h.
Z_SRM200846A001,In Progress,G-TX-OPS,Change-Request,Software Upgrade - Huawei RAN,4,Scheduled maintenance: software upgrade - huawei ran on element OXVE92M,3/30/2026 2:25,4/1/2026 2:25,OXVE92M,GB7R3,G-CORE-OPS,Kein Fehler - Ticket zurückgezogen,Manual intervention performed: service restarted and stability confirmed.
Z_NEV200153A001,Assigned,G-TX-OPS,Network-Event,Performance Degradation Detected,4,Monitoring system detected performance degradation detected on network element OXV2PCN,3/30/2026 7:02,4/1/2026 7:02,OXV2PCN,90PDW,G-RAN-FO-VFRO-NW,,
Z_INM200314A001,Answered,G-IP-OPS,Network-Incident,S1 Setup Failure,3,Monitoring system detected s1 setup failure on network element OXV08J3,3/30/2026 7:19,3/31/2026 7:19,OXV08J3,HC36K,G-IP-OPS,Issue resolved,"Temporary degradation observed, system self-recovered."
Z_NEV200879A001,In Progress,G-IP-OPS,Network-Event,Planned Maintenance Window,3,Automated alarm for OXVHZIO: planned maintenance window - immediate action required,3/30/2026 9:27,3/31/2026 9:27,OXVHZIO,L0UKE,G-RAN-FO-VFRO-NW,Escalated to vendor,Vendor dispatched for hardware replacement.
Z_SRM200136A001,Closed,G-TX-OPS,Change-Request,Antenna Swap,3,Scheduled maintenance: antenna swap on element OXVAFEY,3/31/2026 22:01,4/1/2026 22:01,OXVAFEY,2ATQY,G-RAN-FO-VFRO-NW,Issue resolved,No recurrence observed in the last monitoring window.
Z_SRM200530A001,Closed,G-RAN-FO-VFRO-ZV,Change-Request,Configuration Change - Radio,3,Change request for OXVT9NT: configuration change - radio,3/31/2026 6:09,4/1/2026 6:09,OXVT9NT,WI6FQ,G-CORE-OPS,Behoben,"Manual intervention performed: service restarted and stability confirmed. Power module replaced on-site, all services operational."
Z_INM200353A001,Closed,G-RAN-FO-VFRO-NW,Network-Incident,VSWR Alarm,4,Monitoring system detected vswr alarm on network element OXV6T4U,3/4/2026 20:27,3/6/2026 20:27,OXV6T4U,E8F84,G-CORE-OPS,Root cause fixed,Redundancy failover confirmed working; primary link under repair. Additional validation checks completed successfully.
Z_SRM200860A001,In Progress,G-RAN-FO-VFRO-NW,Change-Request,Power System Upgrade,4,Change request for OXV6QJI: power system upgrade,3/4/2026 3:52,3/6/2026 3:52,OXV6QJI,IA5U6,G-CORE-OPS,,
Z_INM200373A001,In Progress,G-RAN-FO-VFRO-ZV,Network-Incident,Latency Threshold Exceeded,3,NMS alert triggered for OXVNB4G; event: latency threshold exceeded,3/4/2026 6:44,3/5/2026 6:44,OXVNB4G,OCWBF,G-RAN-FO-VFRO-NW,No impact confirmed,"Power module replaced on-site, all services operational."
Z_SRM200369A001,Closed,G-IP-OPS,Change-Request,Software Upgrade - Huawei RAN,3,Scheduled maintenance: software upgrade - huawei ran on element OXV7Y6W,3/5/2026 11:08,3/6/2026 11:08,OXV7Y6W,9SKDG,G-TX-OPS,Issue resolved,Issue correlated with planned maintenance. No action needed.
Z_NBL200861A001,In Progress,G-IP-OPS,Network-Build,New Site Build - Urban,3,Scheduled maintenance: new site build - urban on element OXVBNHL,3/5/2026 11:20,3/6/2026 11:20,OXVBNHL,1GHR0,G-CORE-OPS,Workaround applied,"Temporary degradation observed, system self-recovered."
Z_INM200611A001,In Progress,G-RAN-FO-VFRO-NW,Network-Incident,Packet Loss High,4,Automated alarm for OXVPJA1: packet loss high - immediate action required,3/5/2026 15:52,3/7/2026 15:52,OXVPJA1,IA5U6,G-RAN-BO-VFRO-ZV,Kein Fehler - Ticket zurückgezogen,Remote reconfiguration applied; monitoring for 24h.
Z_SRM200017A001,In Progress,G-IP-OPS,Change-Request,Parameter Optimization,3,Change request for OXV0Y6D: parameter optimization,3/5/2026 17:09,3/6/2026 17:09,OXV0Y6D,QX6GV,G-RAN-BO-VFRO-ZV,,
Z_INM200998A001,Closed,G-CORE-OPS,Network-Incident,eNodeB RF Interference,2,RoboNOC ticket for OXVPBHS; detected event: enodeb rf interference,3/5/2026 18:41,3/6/2026 2:41,OXVPBHS,9YJB1,G-IP-OPS,Root cause fixed,"Fiber splice completed, signal restored to normal levels. Temporary degradation observed, system self-recovered."
Z_NEV200405A001,Assigned,G-IP-OPS,Network-Event,Network Monitoring Alert,3,Monitoring system detected network monitoring alert on network element OXVPNSM,3/5/2026 22:13,3/6/2026 22:13,OXVPNSM,9TZE5,G-CORE-OPS,,
Z_INM200626A001,Open,G-RAN-BO-VFRO-ZV,Network-Incident,Latency Threshold Exceeded,4,Automated alarm for OXV55NF: latency threshold exceeded - immediate action required,3/5/2026 3:57,3/7/2026 3:57,OXV55NF,OCWBF,G-IP-OPS,,
Z_INM200087A001,Assigned,G-RAN-FO-VFRO-ZV,Network-Incident,Packet Loss High,3,NMS alert triggered for OXV253J; event: packet loss high,3/6/2026 0:09,3/7/2026 0:09,OXV253J,XTOGN,G-IP-OPS,,
Z_NBL200376A001,Closed,G-IP-OPS,Network-Build,New Site Build - Urban,4,Change request for OXVWJ0T: new site build - urban,3/6/2026 10:39,3/8/2026 10:39,OXVWJ0T,XR2DH,G-RAN-FO-VFRO-NW,Issue resolved,Additional validation checks completed successfully.
Z_INM200194A001,Closed,G-RAN-BO-VFRO-ZV,Network-Incident,Cell Unavailable,1,Automated alarm for OXV2PCN: cell unavailable - immediate action required,3/6/2026 9:59,3/6/2026 13:59,OXV2PCN,IGATJ,G-TX-OPS,Behoben,"Software patch applied, alarm cleared after restart. Software patch applied, alarm cleared after restart."
Z_SRM200799A001,Closed,G-RAN-FO-VFRO-ZV,Change-Request,Antenna Swap,3,Scheduled maintenance: antenna swap on element OXV1T2T,3/7/2026 0:29,3/8/2026 0:29,OXV1T2T,5PSQ0,G-RAN-FO-VFRO-ZV,Behoben,Vendor dispatched for hardware replacement.
Z_INM200249A001,Closed,G-RAN-FO-VFRO-NW,Network-Incident,Cell Unavailable,5,RoboNOC ticket for OXVGV0E; detected event: cell unavailable,3/7/2026 16:35,3/10/2026 16:35,OXVGV0E,IA5U6,G-TX-OPS,Root cause fixed,Issue correlated with planned maintenance. No action needed.
Z_INM200008A001,In Progress,G-RAN-FO-VFRO-NW,Network-Incident,Latency Threshold Exceeded,3,Monitoring system detected latency threshold exceeded on network element OXVKXVF,3/7/2026 19:32,3/8/2026 19:32,OXVKXVF,0982N,G-RAN-BO-VFRO-ZV,No impact confirmed,"Software patch applied, alarm cleared after restart."
Z_INM200674A001,Noticed,G-RAN-FO-VFRO-NW,Network-Incident,NodeB Degraded,5,Automated alarm for OXV53LC: nodeb degraded - immediate action required,3/7/2026 23:41,3/10/2026 23:41,OXV53LC,2O7S3,G-RAN-FO-VFRO-ZV,,
Z_INM200826A001,Open,G-RAN-FO-VFRO-SO,Network-Incident,VSWR Alarm,3,Monitoring system detected vswr alarm on network element OXVQ85J,3/8/2026 11:48,3/9/2026 11:48,OXVQ85J,5BCW7,G-CORE-OPS,,
Z_INM200324A001,Answered,G-TX-OPS,Network-Incident,Cell Unavailable,3,NMS alert triggered for OXV4ZW9; event: cell unavailable,3/8/2026 14:56,3/9/2026 14:56,OXV4ZW9,CBPLJ,G-IP-OPS,Behoben,Root cause identified as faulty RRU; replacement scheduled.
Z_NBL200600A001,Assigned,G-CORE-OPS,Network-Build,New Site Build - Urban,3,Planned activity on OXVALA7 - new site build - urban,3/8/2026 6:40,3/9/2026 6:40,OXVALA7,9YJB1,G-CORE-OPS,,
Z_NBL200655A001,Closed,G-RAN-BO-VFRO-ZV,Network-Build,Fiber Connectivity Setup,5,Change request for OXVG8SB: fiber connectivity setup,3/8/2026 7:44,3/11/2026 7:44,OXVG8SB,3NX39,G-RAN-BO-VFRO-ZV,Issue resolved,Root cause identified as faulty RRU; replacement scheduled. Remote reconfiguration applied; monitoring for 24h.
Z_INM200030A001,Answered,G-IP-OPS,Network-Incident,Temperature Alarm,3,Monitoring system detected temperature alarm on network element OXVG8SB,3/8/2026 8:35,3/9/2026 8:35,OXVG8SB,LPU0D,G-RAN-FO-VFRO-ZV,Behoben,Issue correlated with planned maintenance. No action needed. Signal fluctuation detected; no persistent fault found.
Z_NEV200735A001,Closed,G-RAN-FO-VFRO-ZV,Network-Event,Threshold Breach Notification,3,Monitoring system detected threshold breach notification on network element OXVFEL6,3/9/2026 15:13,3/10/2026 15:13,OXVFEL6,X63CF,G-TX-OPS,Root cause fixed,"Network element unreachable briefly; connectivity restored. Power module replaced on-site, all services operational."
Z_INM200723A001,Assigned,G-TX-OPS,Network-Incident,Packet Loss High,4,Monitoring system detected packet loss high on network element OXVRJIW,3/9/2026 15:21,3/11/2026 15:21,OXVRJIW,83TQL,G-CORE-OPS,,
Z_SRM200337A001,In Progress,G-CORE-OPS,Change-Request,Power System Upgrade,4,Planned activity on OXVTEIY - power system upgrade,3/9/2026 9:55,3/11/2026 9:55,OXVTEIY,YV37D,G-TX-OPS,No impact confirmed,Remote reconfiguration applied; monitoring for 24h.
Z_INM200825A001,In Progress,G-RAN-BO-VFRO-ZV,Network-Incident,BTS Out of Service,4,Monitoring system detected bts out of service on network element OXVWM31,4/1/2026 23:18,4/3/2026 23:18,OXVWM31,R5UQP,G-CORE-OPS,,
Z_SRM200667A001,Closed,G-IP-OPS,Change-Request,Site Integration - New Build,3,Scheduled maintenance: site integration - new build on element OXVC11E,4/1/2026 8:14,4/2/2026 8:14,OXVC11E,GB7R3,G-CORE-OPS,Issue resolved,"Software patch applied, alarm cleared after restart."
Z_SRM200424A001,Closed,G-RAN-FO-VFRO-ZV,Change-Request,Capacity Expansion - 4G,4,Planned activity on OXV2PCN - capacity expansion - 4g,4/1/2026 8:54,4/3/2026 8:54,OXV2PCN,NRIUU,G-CORE-OPS,Behoben,Issue correlated with planned maintenance. No action needed.
Z_INM200315A001,Open,G-RAN-FO-VFRO-ZV,Network-Incident,X2 Link Failure,3,NMS alert triggered for OXVQ85J; event: x2 link failure,4/10/2026 16:05,4/11/2026 16:05,OXVQ85J,2ATQY,G-TX-OPS,,
Z_INM200856A001,Noticed,G-IP-OPS,Network-Incident,Störung - RBS - Ericsson 5G,3,NMS alert triggered for OXVRHOC; event: störung - rbs - ericsson 5g,4/10/2026 7:05,4/11/2026 7:05,OXVRHOC,YV37D,G-IP-OPS,,
Z_INM200500A001,Closed,G-TX-OPS,Network-Incident,VSWR Alarm,3,RoboNOC ticket for OXV1SWJ; detected event: vswr alarm,4/10/2026 8:01,4/11/2026 8:01,OXV1SWJ,OCWBF,G-CORE-OPS,Issue resolved,"Configuration rollback performed, service normalized."
Z_INM200883A001,In Progress,G-RAN-FO-VFRO-SO,Network-Incident,Backhaul Degradation,3,RoboNOC ticket for OXV2IAG; detected event: backhaul degradation,4/11/2026 20:09,4/12/2026 20:09,OXV2IAG,K0GET,G-RAN-FO-VFRO-NW,,
Z_SRM200491A001,Assigned,G-RAN-FO-VFRO-ZV,Change-Request,Frequency Re-farming,4,Scheduled maintenance: frequency re-farming on element OXVPAC5,4/11/2026 21:36,4/13/2026 21:36,OXVPAC5,D84U8,G-RAN-FO-VFRO-ZV,,
Z_SRM200672A001,Closed,G-RAN-BO-VFRO-ZV,Change-Request,Fiber Re-route,4,Scheduled maintenance: fiber re-route on element OXVPSEI,4/11/2026 3:55,4/13/2026 3:55,OXVPSEI,5BCW7,G-RAN-BO-VFRO-ZV,Issue resolved,Remote reconfiguration applied; monitoring for 24h. Remote reconfiguration applied; monitoring for 24h.
Z_PRM200416A001,Open,G-RAN-FO-VFRO-SO,Problem-Management,Chronic VSWR Investigation,3,Root cause investigation: chronic vswr investigation - multiple occurrences on OXVGV0E,4/11/2026 5:25,4/12/2026 5:25,OXVGV0E,2O7S3,G-IP-OPS,,
Z_PRM200775A001,Closed,G-TX-OPS,Problem-Management,Recurring Link Down Analysis,4,Analysis of chronic issue: recurring link down analysis affecting OXVI4Q2,4/12/2026 22:32,4/14/2026 22:32,OXVI4Q2,YLURT,G-RAN-BO-VFRO-ZV,Issue resolved,Issue correlated with planned maintenance. No action needed.
Z_INM200038A001,Assigned,G-IP-OPS,Network-Incident,Transport Congestion,4,Monitoring system detected transport congestion on network element OXVUJV6,4/13/2026 11:35,4/15/2026 11:35,OXVUJV6,YLURT,G-RAN-BO-VFRO-ZV,,
Z_INM200875A001,Closed,G-RAN-BO-VFRO-ZV,Network-Incident,VSWR Alarm,3,Monitoring system detected vswr alarm on network element OXV7Y6W,4/13/2026 19:56,4/14/2026 19:56,OXV7Y6W,U2GC5,G-IP-OPS,Issue resolved,Vendor dispatched for hardware replacement.
Z_INM200492A001,Closed,G-RAN-FO-VFRO-NW,Network-Incident,Power Failure,3,Monitoring system detected power failure on network element OXVH2M5,4/13/2026 22:45,4/14/2026 22:45,OXVH2M5,I1B0Z,G-RAN-FO-VFRO-NW,Root cause fixed,"Power module replaced on-site, all services operational. Power module replaced on-site, all services operational."
Z_SRM200470A001,In Progress,G-CORE-OPS,Change-Request,Site Integration - New Build,3,Change request for OXV246H: site integration - new build,4/13/2026 22:54,4/14/2026 22:54,OXV246H,3NX39,G-RAN-FO-VFRO-ZV,Workaround applied,No recurrence observed in the last monitoring window.
Z_NEV200259A001,Closed,G-RAN-FO-VFRO-NW,Network-Event,Automated Recovery Triggered,3,RoboNOC ticket for OXVCKJL; detected event: automated recovery triggered,4/13/2026 23:40,4/14/2026 23:40,OXVCKJL,XPJ4H,G-TX-OPS,Issue resolved,Vendor dispatched for hardware replacement. Root cause identified as faulty RRU; replacement scheduled.
Z_INM200566A001,In Progress,G-CORE-OPS,Network-Incident,BTS Out of Service,2,Monitoring system detected bts out of service on network element OXVR23G,4/13/2026 23:57,4/14/2026 7:57,OXVR23G,X4W6X,G-IP-OPS,,
Z_PRM200107A001,Closed,G-RAN-BO-VFRO-ZV,Problem-Management,Systematic Packet Loss Root Cause,3,Root cause investigation: systematic packet loss root cause - multiple occurrences on OXVN9J2,4/14/2026 14:59,4/15/2026 14:59,OXVN9J2,5BCW7,G-TX-OPS,Root cause fixed,"Power module replaced on-site, all services operational."
Z_INM200803A001,Closed,G-CORE-OPS,Network-Incident,NodeB Degraded,4,Automated alarm for OXVYKL1: nodeb degraded - immediate action required,4/15/2026 2:55,4/17/2026 2:55,OXVYKL1,4NLZ1,G-TX-OPS,Root cause fixed,Network element unreachable briefly; connectivity restored. Vendor dispatched for hardware replacement.
Z_INM200345A001,Closed,G-RAN-FO-VFRO-ZV,Network-Incident,Störung - RBS - Huawei 4G,3,Monitoring system detected störung - rbs - huawei 4g on network element OXVT9NT,4/16/2026 11:27,4/17/2026 11:27,OXVT9NT,QLGZU,G-RAN-BO-VFRO-ZV,Behoben,"Intermittent issue mitigated, root cause still under observation. Fiber splice completed, signal restored to normal levels."
Z_INM200189A001,Answered,G-RAN-BO-VFRO-ZV,Network-Incident,eNodeB RF Interference,3,RoboNOC ticket for OXVRTJ5; detected event: enodeb rf interference,4/16/2026 13:37,4/17/2026 13:37,OXVRTJ5,2KNFT,G-RAN-FO-VFRO-NW,Root cause fixed,"Configuration rollback performed, service normalized."
Z_NBL200725A001,Closed,G-RAN-BO-VFRO-ZV,Network-Build,New Site Build - Urban,4,Planned activity on OXVJCAT - new site build - urban,4/17/2026 13:20,4/19/2026 13:20,OXVJCAT,JEGET,G-CORE-OPS,Behoben,Remote reconfiguration applied; monitoring for 24h. Root cause identified as faulty RRU; replacement scheduled.
Z_SRM200749A001,Closed,G-IP-OPS,Change-Request,Hardware Replacement - BBU,4,Planned activity on OXV8UT0 - hardware replacement - bbu,4/17/2026 18:28,4/19/2026 18:28,OXV8UT0,OF8KR,G-IP-OPS,Root cause fixed,"Antenna realignment completed, coverage restored. Manual intervention performed: service restarted and stability confirmed."
Z_INM200362A001,Answered,G-TX-OPS,Network-Incident,BTS Out of Service,5,NMS alert triggered for OXVL58K; event: bts out of service,4/17/2026 19:33,4/20/2026 19:33,OXVL58K,X63CF,G-TX-OPS,Root cause fixed,Vendor dispatched for hardware replacement. Vendor dispatched for hardware replacement.
Z_NEV200309A001,In Progress,G-RAN-FO-VFRO-ZV,Network-Event,Automated Recovery Triggered,4,RoboNOC ticket for OXV1SWJ; detected event: automated recovery triggered,4/17/2026 21:52,4/19/2026 21:52,OXV1SWJ,X63CF,G-RAN-BO-VFRO-ZV,,
Z_PRM200914A001,Closed,G-RAN-FO-VFRO-ZV,Problem-Management,Recurring Link Down Analysis,2,Problem investigation for recurring recurring link down analysis on OXV9T84,4/17/2026 3:15,4/17/2026 11:15,OXV9T84,QX6GV,G-RAN-BO-VFRO-ZV,Root cause fixed,Manual intervention performed: service restarted and stability confirmed. No recurrence observed in the last monitoring window.
Z_INM200902A001,Noticed,G-CORE-OPS,Network-Incident,High CPU Usage,5,NMS alert triggered for OXVALA7; event: high cpu usage,4/17/2026 3:53,4/20/2026 3:53,OXVALA7,7S55J,G-CORE-OPS,,
Z_SRM200427A001,Closed,G-CORE-OPS,Change-Request,Antenna Swap,3,Change request for OXV246H: antenna swap,4/17/2026 9:37,4/18/2026 9:37,OXV246H,3R30M,G-CORE-OPS,Root cause fixed,"Antenna realignment completed, coverage restored."
Z_SRM200590A001,Closed,G-RAN-FO-VFRO-NW,Change-Request,Site Integration - New Build,1,Change request for OXVOFQE: site integration - new build,4/18/2026 10:21,4/18/2026 14:21,OXVOFQE,83TQL,G-RAN-FO-VFRO-ZV,Root cause fixed,Vendor dispatched for hardware replacement. Capacity threshold updated to prevent future false alerts.
Z_SRM200893A001,In Progress,G-RAN-BO-VFRO-ZV,Change-Request,Parameter Optimization,3,Change request for OXV253J: parameter optimization,4/18/2026 15:08,4/19/2026 15:08,OXV253J,HC36K,G-RAN-FO-VFRO-NW,No impact confirmed,"Power module replaced on-site, all services operational."
Z_PRM200034A001,Noticed,G-RAN-BO-VFRO-ZV,Problem-Management,Recurring Link Down Analysis,3,Problem investigation for recurring recurring link down analysis on OXVRHOC,4/18/2026 16:20,4/19/2026 16:20,OXVRHOC,08P0F,G-IP-OPS,,
Z_INM200778A001,Open,G-IP-OPS,Network-Incident,Störung - RBS - Nokia 3G,2,Automated alarm for OXVWAOU: störung - rbs - nokia 3g - immediate action required,4/18/2026 3:25,4/18/2026 11:25,OXVWAOU,5PSQ0,G-IP-OPS,,
Z_INM200477A001,Closed,G-RAN-BO-VFRO-ZV,Network-Incident,Backhaul Degradation,5,Automated alarm for OXV6T4U: backhaul degradation - immediate action required,4/18/2026 8:01,4/21/2026 8:01,OXV6T4U,08P0F,G-RAN-FO-VFRO-NW,Behoben,Vendor dispatched for hardware replacement. Root cause identified as faulty RRU; replacement scheduled.
Z_INM200677A001,Open,G-CORE-OPS,Network-Incident,X2 Link Failure,2,Automated alarm for OXVI3QK: x2 link failure - immediate action required,4/18/2026 8:43,4/18/2026 16:43,OXVI3QK,YV37D,G-RAN-FO-VFRO-NW,,
Z_INM200557A001,Open,G-CORE-OPS,Network-Incident,Cell Unavailable,1,Automated alarm for OXVOM5I: cell unavailable - immediate action required,4/19/2026 10:56,4/19/2026 14:56,OXVOM5I,5BCW7,G-TX-OPS,,
Z_INM200915A001,Closed,G-RAN-FO-VFRO-SO,Network-Incident,eNodeB RF Interference,3,Automated alarm for OXVQP89: enodeb rf interference - immediate action required,4/19/2026 11:43,4/20/2026 11:43,OXVQP89,IA5U6,G-CORE-OPS,Behoben,Remote reconfiguration applied; monitoring for 24h.
Z_INM200139A001,In Progress,G-RAN-FO-VFRO-NW,Network-Incident,eNodeB RF Interference,2,Monitoring system detected enodeb rf interference on network element OXVQ85J,4/19/2026 17:05,4/20/2026 1:05,OXVQ85J,L0UKE,G-RAN-BO-VFRO-ZV,Monitoring ongoing,"Antenna realignment completed, coverage restored."
Z_INM200409A001,In Progress,G-RAN-FO-VFRO-SO,Network-Incident,Latency Threshold Exceeded,3,Automated alarm for OXV1T2T: latency threshold exceeded - immediate action required,4/19/2026 19:43,4/20/2026 19:43,OXV1T2T,QX6GV,G-TX-OPS,,
Z_NBL200824A001,Closed,G-RAN-FO-VFRO-NW,Network-Build,Fiber Connectivity Setup,4,Change request for OXVZBIK: fiber connectivity setup,4/19/2026 21:31,4/21/2026 21:31,OXVZBIK,BNP84,G-RAN-FO-VFRO-ZV,Behoben,Capacity threshold updated to prevent future false alerts.
Z_NBL200012A001,Closed,G-RAN-FO-VFRO-SO,Network-Build,Power System Installation,3,Scheduled maintenance: power system installation on element OXVXLL4,4/19/2026 22:17,4/20/2026 22:17,OXVXLL4,P49KW,G-IP-OPS,Issue resolved,Additional validation checks completed successfully.
Z_NBL200777A001,In Progress,G-RAN-FO-VFRO-ZV,Network-Build,Fiber Connectivity Setup,4,Planned activity on OXVOM5I - fiber connectivity setup,4/2/2026 15:57,4/4/2026 15:57,OXVOM5I,1GHR0,G-RAN-FO-VFRO-ZV,No impact confirmed,Vendor dispatched for hardware replacement.
Z_INM200037A001,Answered,G-RAN-FO-VFRO-SO,Network-Incident,Transport Congestion,1,Automated alarm for OXVAZYT: transport congestion - immediate action required,4/2/2026 17:47,4/2/2026 21:47,OXVAZYT,QLGZU,G-RAN-BO-VFRO-ZV,Issue resolved,Root cause identified as faulty RRU; replacement scheduled.
Z_INM200646A001,In Progress,G-RAN-FO-VFRO-SO,Network-Incident,Power Failure,5,Automated alarm for OXV8MDD: power failure - immediate action required,4/2/2026 23:01,4/5/2026 23:01,OXV8MDD,OF8KR,G-RAN-FO-VFRO-NW,No impact confirmed,"Software patch applied, alarm cleared after restart."
Z_INM200591A001,Assigned,G-RAN-FO-VFRO-NW,Network-Incident,Link Down,2,NMS alert triggered for OXV7E8G; event: link down,4/2/2026 2:49,4/2/2026 10:49,OXV7E8G,YFPMV,G-CORE-OPS,,
Z_INM200293A001,Closed,G-RAN-FO-VFRO-NW,Network-Incident,eNodeB RF Interference,5,Monitoring system detected enodeb rf interference on network element OXV6IVW,4/2/2026 4:50,4/5/2026 4:50,OXV6IVW,1GHR0,G-RAN-BO-VFRO-ZV,Behoben,"Hardware module reset remotely. Traffic restored without errors. Software patch applied, alarm cleared after restart."
Z_INM200120A001,In Progress,G-RAN-BO-VFRO-ZV,Network-Incident,Packet Loss High,5,Automated alarm for OXVQP89: packet loss high - immediate action required,4/20/2026 12:14,4/23/2026 12:14,OXVQP89,OF8KR,G-RAN-FO-VFRO-NW,Escalated to vendor,Additional validation checks completed successfully.
Z_INM200905A001,Closed,G-CORE-OPS,Network-Incident,Transport Congestion,1,Monitoring system detected transport congestion on network element OXVQ85J,4/20/2026 13:24,4/20/2026 17:24,OXVQ85J,NRIUU,G-CORE-OPS,Behoben,Ticket correlated with parent problem ticket.
Z_SRM200412A001,Closed,G-CORE-OPS,Change-Request,Fiber Re-route,2,Scheduled maintenance: fiber re-route on element OXVZCYW,4/20/2026 16:49,4/21/2026 0:49,OXVZCYW,QLGZU,G-CORE-OPS,Issue resolved,"Software patch applied, alarm cleared after restart. Temporary degradation observed, system self-recovered."
Z_INM200541A001,Answered,G-RAN-FO-VFRO-NW,Network-Incident,Backhaul Degradation,5,RoboNOC ticket for OXVVZ41; detected event: backhaul degradation,4/20/2026 22:17,4/23/2026 22:17,OXVVZ41,VIFTT,G-TX-OPS,Issue resolved,"Intermittent issue mitigated, root cause still under observation."
Z_PRM200155A001,Closed,G-IP-OPS,Problem-Management,Systematic Packet Loss Root Cause,2,Analysis of chronic issue: systematic packet loss root cause affecting OXVUZFK,4/20/2026 22:24,4/21/2026 6:24,OXVUZFK,MWWYZ,G-IP-OPS,Root cause fixed,Hardware module reset remotely. Traffic restored without errors.
Z_INM200266A001,Closed,G-IP-OPS,Network-Incident,Störung - RBS - Nokia 3G,4,Automated alarm for OXVD14V: störung - rbs - nokia 3g - immediate action required,4/20/2026 2:34,4/22/2026 2:34,OXVD14V,JEGET,G-CORE-OPS,Issue resolved,Additional validation checks completed successfully.
Z_INM200263A001,Assigned,G-TX-OPS,Network-Incident,Power Failure,4,Monitoring system detected power failure on network element OXV58DR,4/20/2026 4:24,4/22/2026 4:24,OXV58DR,YZ7SR,G-TX-OPS,,
Z_INM200407A001,Open,G-TX-OPS,Network-Incident,Backhaul Degradation,3,Monitoring system detected backhaul degradation on network element OXVA0L7,4/20/2026 6:03,4/21/2026 6:03,OXVA0L7,7PZE9,G-TX-OPS,,
Z_INM200193A001,Closed,G-TX-OPS,Network-Incident,Temperature Alarm,5,Automated alarm for OXVA0L7: temperature alarm - immediate action required,4/20/2026 8:16,4/23/2026 8:16,OXVA0L7,RBSV5,G-RAN-FO-VFRO-ZV,Root cause fixed,Additional validation checks completed successfully.
Z_NBL200808A001,Open,G-RAN-BO-VFRO-ZV,Network-Build,New Site Build - Rural,3,Planned activity on OXVCWI6 - new site build - rural,4/21/2026 12:35,4/22/2026 12:35,OXVCWI6,P0LZJ,G-IP-OPS,,
Z_INM200622A001,Assigned,G-RAN-FO-VFRO-ZV,Network-Incident,Backhaul Degradation,4,Automated alarm for OXVALA7: backhaul degradation - immediate action required,4/21/2026 17:31,4/23/2026 17:31,OXVALA7,2ATQY,G-RAN-BO-VFRO-ZV,,
Z_NEV200960A001,Noticed,G-RAN-FO-VFRO-SO,Network-Event,Performance Degradation Detected,3,Monitoring system detected performance degradation detected on network element OXV0Y6D,4/21/2026 21:49,4/22/2026 21:49,OXV0Y6D,R6K2V,G-RAN-FO-VFRO-ZV,,
Z_INM200327A001,Closed,G-RAN-FO-VFRO-NW,Network-Incident,NodeB Degraded,3,RoboNOC ticket for OXVAFEY; detected event: nodeb degraded,4/21/2026 6:18,4/22/2026 6:18,OXVAFEY,3R30M,G-IP-OPS,Root cause fixed,Capacity threshold updated to prevent future false alerts. Hardware module reset remotely. Traffic restored without errors.
Z_INM200535A001,Noticed,G-TX-OPS,Network-Incident,Störung - RBS - Huawei 4G,3,Monitoring system detected störung - rbs - huawei 4g on network element OXVR23G,4/21/2026 7:18,4/22/2026 7:18,OXVR23G,YLURT,G-IP-OPS,,
Z_INM200165A001,Noticed,G-RAN-FO-VFRO-ZV,Network-Incident,Power Failure,2,Monitoring system detected power failure on network element OXV5LXO,4/21/2026 8:50,4/21/2026 16:50,OXV5LXO,8T63J,G-IP-OPS,,
Z_PRM200644A001,Open,G-IP-OPS,Problem-Management,Repeated Power Failure Pattern,2,Problem investigation for recurring repeated power failure pattern on OXVLY8O,4/22/2026 0:52,4/22/2026 8:52,OXVLY8O,YFPMV,G-RAN-FO-VFRO-ZV,,
Z_INM200441A001,Answered,G-RAN-FO-VFRO-SO,Network-Incident,NodeB Degraded,3,NMS alert triggered for OXVXO9T; event: nodeb degraded,4/22/2026 10:52,4/23/2026 10:52,OXVXO9T,3R30M,G-RAN-FO-VFRO-ZV,Root cause fixed,"Configuration rollback performed, service normalized. Power module replaced on-site, all services operational."
Z_SRM200082A001,Open,G-IP-OPS,Change-Request,Software Upgrade - Huawei RAN,5,Change request for OXVWJ0T: software upgrade - huawei ran,4/22/2026 11:39,4/25/2026 11:39,OXVWJ0T,FTMTT,G-RAN-FO-VFRO-NW,,
Z_SRM200745A001,Open,G-TX-OPS,Change-Request,Parameter Optimization,3,Change request for OXVOM5I: parameter optimization,4/22/2026 16:04,4/23/2026 16:04,OXVOM5I,DZR1Y,G-CORE-OPS,,
Z_INM200325A001,Closed,G-RAN-FO-VFRO-SO,Network-Incident,S1 Setup Failure,3,Automated alarm for OXVZKLO: s1 setup failure - immediate action required,4/22/2026 19:51,4/23/2026 19:51,OXVZKLO,5PSQ0,G-CORE-OPS,Behoben,"Fiber splice completed, signal restored to normal levels. Additional validation checks completed successfully."
Z_PRM200304A001,Noticed,G-IP-OPS,Problem-Management,Capacity Planning Review,4,Problem investigation for recurring capacity planning review on OXVPBMY,4/22/2026 20:55,4/24/2026 20:55,OXVPBMY,MYX44,G-TX-OPS,,
Z_INM200842A001,In Progress,G-RAN-FO-VFRO-SO,Network-Incident,Backhaul Degradation,3,Monitoring system detected backhaul degradation on network element OXVMVIH,4/22/2026 2:35,4/23/2026 2:35,OXVMVIH,OXFQ8,G-TX-OPS,,
Z_INM200019A001,Closed,G-RAN-FO-VFRO-ZV,Network-Incident,Störung - RBS - Ericsson 5G,5,Monitoring system detected störung - rbs - ericsson 5g on network element OXVZBIK,4/22/2026 8:14,4/25/2026 8:14,OXVZBIK,WI6FQ,G-CORE-OPS,Issue resolved,Vendor dispatched for hardware replacement.
Z_INM200023A001,Closed,G-RAN-BO-VFRO-ZV,Network-Incident,NodeB Degraded,3,Monitoring system detected nodeb degraded on network element OXVMVIH,4/23/2026 12:31,4/24/2026 12:31,OXVMVIH,R5UQP,G-RAN-FO-VFRO-NW,Issue resolved,Ticket correlated with parent problem ticket. Redundancy failover confirmed working; primary link under repair.
Z_NBL200446A001,In Progress,G-RAN-BO-VFRO-ZV,Network-Build,Cabinet Installation,4,Scheduled maintenance: cabinet installation on element OXVOWGZ,4/23/2026 4:32,4/25/2026 4:32,OXVOWGZ,4NLZ1,G-RAN-FO-VFRO-NW,No impact confirmed,"Fiber splice completed, signal restored to normal levels."
Z_INM200442A001,Closed,G-RAN-FO-VFRO-NW,Network-Incident,Fiber Cut Detected,3,Automated alarm for OXV3W5U: fiber cut detected - immediate action required,4/23/2026 6:19,4/24/2026 6:19,OXV3W5U,D5EQY,G-IP-OPS,Issue resolved,"Hardware module reset remotely. Traffic restored without errors. Power module replaced on-site, all services operational."
Z_INM200663A001,Noticed,G-RAN-BO-VFRO-ZV,Network-Incident,S1 Setup Failure,5,Monitoring system detected s1 setup failure on network element OXVPSEI,4/24/2026 10:01,4/27/2026 10:01,OXVPSEI,FTMTT,G-RAN-FO-VFRO-ZV,,
Z_INM200613A001,Noticed,G-TX-OPS,Network-Incident,eNodeB RF Interference,4,Monitoring system detected enodeb rf interference on network element OXVGV0E,4/24/2026 11:03,4/26/2026 11:03,OXVGV0E,90PDW,G-TX-OPS,,
Z_INM200779A001,In Progress,G-TX-OPS,Network-Incident,Temperature Alarm,3,Monitoring system detected temperature alarm on network element OXVA7TZ,4/24/2026 11:09,4/25/2026 11:09,OXVA7TZ,OF8KR,G-TX-OPS,,
Z_INM200898A001,Open,G-TX-OPS,Network-Incident,Power Failure,5,RoboNOC ticket for OXV9T84; detected event: power failure,4/24/2026 12:30,4/27/2026 12:30,OXV9T84,49ITN,G-CORE-OPS,,
Z_INM200817A001,Closed,G-TX-OPS,Network-Incident,Link Down,4,RoboNOC ticket for OXV1N13; detected event: link down,4/24/2026 20:37,4/26/2026 20:37,OXV1N13,UK9E1,G-RAN-BO-VFRO-ZV,Root cause fixed,Manual intervention performed: service restarted and stability confirmed.
Z_SRM200300A001,In Progress,G-RAN-BO-VFRO-ZV,Change-Request,Frequency Re-farming,3,Change request for OXVNAM1: frequency re-farming,4/24/2026 3:19,4/25/2026 3:19,OXVNAM1,UY0BV,G-RAN-BO-VFRO-ZV,Workaround applied,"Fiber splice completed, signal restored to normal levels."
Z_NBL200918A001,Assigned,G-CORE-OPS,Network-Build,New Site Build - Urban,4,Planned activity on OXV1N13 - new site build - urban,4/24/2026 3:55,4/26/2026 3:55,OXV1N13,2O7S3,G-TX-OPS,,
Z_INM200880A001,Answered,G-RAN-FO-VFRO-ZV,Network-Incident,Link Down,4,RoboNOC ticket for OXV0Y9D; detected event: link down,4/24/2026 5:43,4/26/2026 5:43,OXV0Y9D,7PZE9,G-RAN-BO-VFRO-ZV,Root cause fixed,Issue correlated with planned maintenance. No action needed.
Z_INM200867A001,Answered,G-RAN-FO-VFRO-SO,Network-Incident,S1 Setup Failure,4,Monitoring system detected s1 setup failure on network element OXVI3QK,4/24/2026 7:05,4/26/2026 7:05,OXVI3QK,ODRO8,G-CORE-OPS,Behoben,Signal fluctuation detected; no persistent fault found.
Z_INM200571A001,Closed,G-RAN-FO-VFRO-SO,Network-Incident,Fiber Cut Detected,5,RoboNOC ticket for OXVR23G; detected event: fiber cut detected,4/24/2026 7:31,4/27/2026 7:31,OXVR23G,LPU0D,G-IP-OPS,Issue resolved,Ticket correlated with parent problem ticket.
Z_NBL200290A001,Assigned,G-RAN-FO-VFRO-NW,Network-Build,Tower Installation,4,Scheduled maintenance: tower installation on element OXVD14V,4/25/2026 11:44,4/27/2026 11:44,OXVD14V,9K9XJ,G-RAN-BO-VFRO-ZV,,
Z_SRM200210A001,Noticed,G-RAN-FO-VFRO-NW,Change-Request,Parameter Optimization,4,Change request for OXV9T84: parameter optimization,4/25/2026 12:19,4/27/2026 12:19,OXV9T84,GB7R3,G-IP-OPS,,
Z_SRM200532A001,In Progress,G-RAN-FO-VFRO-SO,Change-Request,Site Integration - New Build,2,Planned activity on OXV48P0 - site integration - new build,4/25/2026 18:28,4/26/2026 2:28,OXV48P0,2ATQY,G-RAN-BO-VFRO-ZV,Kein Fehler - Ticket zurückgezogen,"Power module replaced on-site, all services operational."
Z_NBL200729A001,In Progress,G-RAN-FO-VFRO-ZV,Network-Build,New Site Build - Urban,3,Change request for OXVF8CG: new site build - urban,4/25/2026 23:51,4/26/2026 23:51,OXVF8CG,7PZE9,G-IP-OPS,No impact confirmed,Ticket correlated with parent problem ticket.
Z_SRM200140A001,In Progress,G-CORE-OPS,Change-Request,Fiber Re-route,4,Planned activity on OXVGQPK - fiber re-route,4/25/2026 23:52,4/27/2026 23:52,OXVGQPK,WI6FQ,G-RAN-FO-VFRO-ZV,Monitoring ongoing,"Intermittent issue mitigated, root cause still under observation."
Z_INM200236A001,Closed,G-RAN-FO-VFRO-NW,Network-Incident,X2 Link Failure,2,NMS alert triggered for OXVCQ99; event: x2 link failure,4/25/2026 7:24,4/25/2026 15:24,OXVCQ99,Y4LYK,G-IP-OPS,Behoben,"Network element unreachable briefly; connectivity restored. Power module replaced on-site, all services operational."
Z_NEV200904A001,In Progress,G-CORE-OPS,Network-Event,Performance Degradation Detected,3,Monitoring system detected performance degradation detected on network element OXVE92M,4/25/2026 7:50,4/26/2026 7:50,OXVE92M,9YJB1,G-CORE-OPS,Kein Fehler - Ticket zurückgezogen,"Antenna realignment completed, coverage restored."
Z_INM200258A001,Noticed,G-RAN-FO-VFRO-ZV,Network-Incident,Störung - RBS - Huawei 4G,5,RoboNOC ticket for OXVI7P5; detected event: störung - rbs - huawei 4g,4/25/2026 8:03,4/28/2026 8:03,OXVI7P5,I1B0Z,G-CORE-OPS,,
Z_INM200400A001,In Progress,G-TX-OPS,Network-Incident,Backhaul Degradation,5,Monitoring system detected backhaul degradation on network element OXVBNHL,4/25/2026 8:17,4/28/2026 8:17,OXVBNHL,MWWYZ,G-RAN-FO-VFRO-ZV,Escalated to vendor,Network element unreachable briefly; connectivity restored.
Z_SRM200651A001,In Progress,G-TX-OPS,Change-Request,Antenna Swap,3,Scheduled maintenance: antenna swap on element OXV8MDD,4/26/2026 13:43,4/27/2026 13:43,OXV8MDD,XPJ4H,G-IP-OPS,,
Z_NEV200855A001,Closed,G-RAN-FO-VFRO-SO,Network-Event,Threshold Breach Notification,4,NMS alert triggered for OXVOWF7; event: threshold breach notification,4/26/2026 19:05,4/28/2026 19:05,OXVOWF7,L0UKE,G-RAN-BO-VFRO-ZV,Root cause fixed,Redundancy failover confirmed working; primary link under repair.
Z_INM200150A001,Closed,G-RAN-FO-VFRO-SO,Network-Incident,Störung - RBS - Huawei 4G,4,Automated alarm for OXVRTJ5: störung - rbs - huawei 4g - immediate action required,4/26/2026 21:33,4/28/2026 21:33,OXVRTJ5,QX6GV,G-RAN-BO-VFRO-ZV,Root cause fixed,"Power module replaced on-site, all services operational."
Z_NEV200190A001,Open,G-TX-OPS,Network-Event,Threshold Breach Notification,3,Automated alarm for OXV7E8G: threshold breach notification - immediate action required,4/26/2026 22:45,4/27/2026 22:45,OXV7E8G,YV37D,G-IP-OPS,,
Z_INM200473A001,Assigned,G-TX-OPS,Network-Incident,Störung - RBS - Ericsson 5G,5,NMS alert triggered for OXV4V30; event: störung - rbs - ericsson 5g,4/26/2026 2:12,4/29/2026 2:12,OXV4V30,R6K2V,G-RAN-FO-VFRO-ZV,,
Z_NBL200556A001,In Progress,G-CORE-OPS,Network-Build,Fiber Connectivity Setup,3,Planned activity on OXVOWGZ - fiber connectivity setup,4/26/2026 3:40,4/27/2026 3:40,OXVOWGZ,KKV9R,G-CORE-OPS,Monitoring ongoing,Network element unreachable briefly; connectivity restored.
Z_INM200007A001,In Progress,G-TX-OPS,Network-Incident,Fiber Cut Detected,4,NMS alert triggered for OXV53LC; event: fiber cut detected,4/27/2026 0:02,4/29/2026 0:02,OXV53LC,D96QE,G-RAN-FO-VFRO-NW,Workaround applied,Vendor dispatched for hardware replacement.
Z_PRM200163A001,Closed,G-RAN-BO-VFRO-ZV,Problem-Management,Capacity Planning Review,1,Root cause investigation: capacity planning review - multiple occurrences on OXV5935,4/27/2026 12:14,4/27/2026 16:14,OXV5935,QVKIZ,G-IP-OPS,Issue resolved,"Power module replaced on-site, all services operational. Temporary degradation observed, system self-recovered."
Z_INM200560A001,Noticed,G-RAN-FO-VFRO-NW,Network-Incident,Packet Loss High,2,Automated alarm for OXVX7EE: packet loss high - immediate action required,4/27/2026 12:35,4/27/2026 20:35,OXVX7EE,3RZSJ,G-CORE-OPS,,
Z_PRM200558A001,Closed,G-IP-OPS,Problem-Management,Chronic VSWR Investigation,1,Analysis of chronic issue: chronic vswr investigation affecting OXVOHP6,4/27/2026 14:01,4/27/2026 18:01,OXVOHP6,9YJB1,G-RAN-FO-VFRO-NW,Behoben,Network element unreachable briefly; connectivity restored. Manual intervention performed: service restarted and stability confirmed.
Z_SRM200125A001,Open,G-RAN-FO-VFRO-ZV,Change-Request,Software Upgrade - Ericsson RAN,3,Planned activity on OXVX18H - software upgrade - ericsson ran,4/27/2026 3:05,4/28/2026 3:05,OXVX18H,5PY6B,G-RAN-FO-VFRO-ZV,,
Z_SRM200959A001,In Progress,G-RAN-BO-VFRO-ZV,Change-Request,Frequency Re-farming,3,Change request for OXVPHT0: frequency re-farming,4/27/2026 4:42,4/28/2026 4:42,OXVPHT0,UK9E1,G-TX-OPS,Workaround applied,Additional validation checks completed successfully.
Z_SRM200635A001,Closed,G-RAN-BO-VFRO-ZV,Change-Request,Capacity Expansion - 5G,3,Planned activity on OXVCKJL - capacity expansion - 5g,4/27/2026 9:56,4/28/2026 9:56,OXVCKJL,VIFTT,G-RAN-FO-VFRO-NW,Behoben,"Signal fluctuation detected; no persistent fault found. Temporary degradation observed, system self-recovered."
Z_PRM200383A001,In Progress,G-RAN-BO-VFRO-ZV,Problem-Management,Chronic VSWR Investigation,3,Analysis of chronic issue: chronic vswr investigation affecting OXVVYIE,4/28/2026 13:13,4/29/2026 13:13,OXVVYIE,2KNFT,G-TX-OPS,Monitoring ongoing,"Intermittent issue mitigated, root cause still under observation."
Z_SRM200704A001,Closed,G-IP-OPS,Change-Request,Fiber Re-route,3,Change request for OXVI4Q2: fiber re-route,4/28/2026 15:28,4/29/2026 15:28,OXVI4Q2,NRIUU,G-RAN-BO-VFRO-ZV,Root cause fixed,"Power module replaced on-site, all services operational. Intermittent issue mitigated, root cause still under observation."
Z_PRM200260A001,Closed,G-RAN-BO-VFRO-ZV,Problem-Management,Chronic VSWR Investigation,2,Analysis of chronic issue: chronic vswr investigation affecting OXV0Y9D,4/28/2026 16:54,4/29/2026 0:54,OXV0Y9D,HC36K,G-RAN-FO-VFRO-NW,Issue resolved,"Antenna realignment completed, coverage restored."
Z_INM200819A001,Answered,G-RAN-FO-VFRO-NW,Network-Incident,Packet Loss High,3,RoboNOC ticket for OXVY9V8; detected event: packet loss high,4/28/2026 20:15,4/29/2026 20:15,OXVY9V8,1GHR0,G-RAN-FO-VFRO-NW,Behoben,Ticket correlated with parent problem ticket. Root cause identified as faulty RRU; replacement scheduled.
Z_INM200253A001,Open,G-RAN-FO-VFRO-ZV,Network-Incident,gNodeB Sync Loss,1,NMS alert triggered for OXVYIHA; event: gnodeb sync loss,4/28/2026 7:47,4/28/2026 11:47,OXVYIHA,5PY6B,G-TX-OPS,,
Z_SRM200920A001,Closed,G-RAN-BO-VFRO-ZV,Change-Request,Software Upgrade - Ericsson RAN,4,Scheduled maintenance: software upgrade - ericsson ran on element OXVI3QK,4/29/2026 10:48,5/1/2026 10:48,OXVI3QK,IGATJ,G-CORE-OPS,Behoben,"Configuration rollback performed, service normalized. Vendor dispatched for hardware replacement."
Z_NBL200149A001,Assigned,G-RAN-BO-VFRO-ZV,Network-Build,Power System Installation,4,Scheduled maintenance: power system installation on element OXV1T2T,4/29/2026 12:01,5/1/2026 12:01,OXV1T2T,L8OS9,G-RAN-FO-VFRO-NW,,
Z_INM200936A001,Noticed,G-IP-OPS,Network-Incident,S1 Setup Failure,4,RoboNOC ticket for OXVZHWJ; detected event: s1 setup failure,4/29/2026 1:28,5/1/2026 1:28,OXVZHWJ,5PSQ0,G-RAN-FO-VFRO-NW,,
Z_INM200158A001,Open,G-CORE-OPS,Network-Incident,Störung - RBS - Ericsson 5G,4,RoboNOC ticket for OXVID25; detected event: störung - rbs - ericsson 5g,4/3/2026 14:04,4/5/2026 14:04,OXVID25,83TQL,G-RAN-FO-VFRO-NW,,
Z_INM200868A001,In Progress,G-RAN-FO-VFRO-NW,Network-Incident,Störung - RBS - Nokia 3G,4,Monitoring system detected störung - rbs - nokia 3g on network element OXVZJA8,4/3/2026 19:18,4/5/2026 19:18,OXVZJA8,5PY6B,G-CORE-OPS,Kein Fehler - Ticket zurückgezogen,Root cause identified as faulty RRU; replacement scheduled.
Z_NEV200801A001,Closed,G-IP-OPS,Network-Event,Threshold Breach Notification,4,RoboNOC ticket for OXVPSEI; detected event: threshold breach notification,4/3/2026 21:39,4/5/2026 21:39,OXVPSEI,ZQY72,G-RAN-BO-VFRO-ZV,Behoben,Ticket correlated with parent problem ticket.
Z_NEV200411A001,Closed,G-RAN-BO-VFRO-ZV,Network-Event,Performance Degradation Detected,5,RoboNOC ticket for OXV4V30; detected event: performance degradation detected,4/3/2026 3:19,4/6/2026 3:19,OXV4V30,YZ7SR,G-IP-OPS,Issue resolved,Signal fluctuation detected; no persistent fault found.
Z_PRM200680A001,Assigned,G-RAN-FO-VFRO-SO,Problem-Management,Systematic Packet Loss Root Cause,3,Problem investigation for recurring systematic packet loss root cause on OXVN9J2,4/3/2026 4:38,4/4/2026 4:38,OXVN9J2,XFGCA,G-RAN-BO-VFRO-ZV,,
Z_INM200273A001,Closed,G-IP-OPS,Network-Incident,VSWR Alarm,5,RoboNOC ticket for OXVI3QK; detected event: vswr alarm,4/3/2026 4:59,4/6/2026 4:59,OXVI3QK,QLGZU,G-IP-OPS,Behoben,"Configuration rollback performed, service normalized."
Z_SRM200081A001,Assigned,G-TX-OPS,Change-Request,Configuration Change - Transport,4,Planned activity on OXVRTJ5 - configuration change - transport,4/3/2026 8:55,4/5/2026 8:55,OXVRTJ5,DZR1Y,G-RAN-BO-VFRO-ZV,,
Z_NEV200518A001,Closed,G-IP-OPS,Network-Event,Network Monitoring Alert,5,Automated alarm for OXVR64D: network monitoring alert - immediate action required,4/30/2026 0:35,5/3/2026 0:35,OXVR64D,HC36K,G-IP-OPS,Issue resolved,Ticket correlated with parent problem ticket.
Z_INM200312A001,Closed,G-RAN-BO-VFRO-ZV,Network-Incident,Backhaul Degradation,4,Automated alarm for OXVAFEY: backhaul degradation - immediate action required,4/30/2026 10:59,5/2/2026 10:59,OXVAFEY,3RZSJ,G-RAN-FO-VFRO-ZV,Issue resolved,Hardware module reset remotely. Traffic restored without errors.
Z_INM200271A001,Answered,G-RAN-BO-VFRO-ZV,Network-Incident,Backhaul Degradation,2,NMS alert triggered for OXVMVIH; event: backhaul degradation,4/30/2026 12:56,4/30/2026 20:56,OXVMVIH,1GHR0,G-IP-OPS,Root cause fixed,Ticket correlated with parent problem ticket. Network element unreachable briefly; connectivity restored.
Z_INM200982A001,Open,G-RAN-FO-VFRO-SO,Network-Incident,Fiber Cut Detected,3,Monitoring system detected fiber cut detected on network element OXVR23G,4/30/2026 17:02,5/1/2026 17:02,OXVR23G,QX6GV,G-CORE-OPS,,
Z_SRM200498A001,Open,G-RAN-BO-VFRO-ZV,Change-Request,Site Integration - New Build,2,Change request for OXVTVHH: site integration - new build,4/30/2026 21:51,5/1/2026 5:51,OXVTVHH,1GHR0,G-RAN-FO-VFRO-NW,,
Z_SRM200040A001,Closed,G-TX-OPS,Change-Request,Fiber Re-route,3,Planned activity on OXVHV3A - fiber re-route,4/30/2026 9:13,5/1/2026 9:13,OXVHV3A,LPU0D,G-RAN-BO-VFRO-ZV,Behoben,Ticket correlated with parent problem ticket.
Z_INM200129A001,Closed,G-RAN-BO-VFRO-ZV,Network-Incident,Power Failure,4,NMS alert triggered for OXVY9V8; event: power failure,4/4/2026 0:20,4/6/2026 0:20,OXVY9V8,D5EQY,G-IP-OPS,Behoben,"Antenna realignment completed, coverage restored. Power module replaced on-site, all services operational."
Z_INM200618A001,Open,G-RAN-FO-VFRO-ZV,Network-Incident,Temperature Alarm,2,NMS alert triggered for OXVWAOU; event: temperature alarm,4/4/2026 10:26,4/4/2026 18:26,OXVWAOU,DZR1Y,G-TX-OPS,,
Z_PRM200226A001,Closed,G-RAN-FO-VFRO-NW,Problem-Management,Intermittent Cell Unavailability,2,Problem investigation for recurring intermittent cell unavailability on OXVZKLO,4/4/2026 13:03,4/4/2026 21:03,OXVZKLO,2ATQY,G-TX-OPS,Root cause fixed,"Fiber splice completed, signal restored to normal levels. Fiber splice completed, signal restored to normal levels."
Z_NEV200438A001,Open,G-TX-OPS,Network-Event,Performance Degradation Detected,3,NMS alert triggered for OXVX7EE; event: performance degradation detected,4/4/2026 20:11,4/5/2026 20:11,OXVX7EE,5PY6B,G-TX-OPS,,
Z_INM200851A001,Answered,G-RAN-FO-VFRO-SO,Network-Incident,Störung - RBS - Nokia 3G,5,RoboNOC ticket for OXVJ43D; detected event: störung - rbs - nokia 3g,4/4/2026 23:11,4/7/2026 23:11,OXVJ43D,08P0F,G-RAN-FO-VFRO-ZV,Behoben,No recurrence observed in the last monitoring window. Capacity threshold updated to prevent future false alerts.
Z_INM200287A001,In Progress,G-IP-OPS,Network-Incident,Transport Congestion,4,Monitoring system detected transport congestion on network element OXVCVS4,4/4/2026 4:44,4/6/2026 4:44,OXVCVS4,WI6FQ,G-IP-OPS,Kein Fehler - Ticket zurückgezogen,Root cause identified as faulty RRU; replacement scheduled.
Z_INM200742A001,In Progress,G-CORE-OPS,Network-Incident,Störung - RBS - Nokia 3G,4,Monitoring system detected störung - rbs - nokia 3g on network element OXV5IQV,4/5/2026 0:29,4/7/2026 0:29,OXV5IQV,IA5U6,G-IP-OPS,,
Z_NBL200062A001,Closed,G-CORE-OPS,Network-Build,Fiber Connectivity Setup,3,Planned activity on OXVYIHA - fiber connectivity setup,4/5/2026 0:46,4/6/2026 0:46,OXVYIHA,7S55J,G-RAN-FO-VFRO-ZV,Behoben,"Software patch applied, alarm cleared after restart. Software patch applied, alarm cleared after restart."
Z_NBL200882A001,In Progress,G-CORE-OPS,Network-Build,Tower Installation,5,Planned activity on OXV2IAG - tower installation,4/5/2026 11:13,4/8/2026 11:13,OXV2IAG,YFPMV,G-RAN-FO-VFRO-NW,No impact confirmed,"Configuration rollback performed, service normalized."
Z_INM200016A001,Closed,G-IP-OPS,Network-Incident,Störung - RBS - Nokia 3G,3,NMS alert triggered for OXVX18H; event: störung - rbs - nokia 3g,4/5/2026 11:52,4/6/2026 11:52,OXVX18H,P49KW,G-CORE-OPS,Behoben,Issue correlated with planned maintenance. No action needed.
Z_INM200822A001,Answered,G-RAN-FO-VFRO-SO,Network-Incident,Transport Congestion,5,RoboNOC ticket for OXV48P0; detected event: transport congestion,4/5/2026 19:27,4/8/2026 19:27,OXV48P0,1W1HT,G-CORE-OPS,Root cause fixed,"Power module replaced on-site, all services operational."
Z_NEV200889A001,In Progress,G-RAN-FO-VFRO-ZV,Network-Event,Performance Degradation Detected,5,NMS alert triggered for OXVAHXT; event: performance degradation detected,4/5/2026 19:57,4/8/2026 19:57,OXVAHXT,XPJ4H,G-RAN-BO-VFRO-ZV,,
Z_SRM200636A001,Closed,G-RAN-FO-VFRO-NW,Change-Request,Configuration Change - Transport,4,Planned activity on OXV0Y6D - configuration change - transport,4/5/2026 22:47,4/7/2026 22:47,OXV0Y6D,XR2DH,G-RAN-BO-VFRO-ZV,Issue resolved,Network element unreachable briefly; connectivity restored. Network element unreachable briefly; connectivity restored.
Z_INM200688A001,Assigned,G-RAN-FO-VFRO-ZV,Network-Incident,Transport Congestion,3,Monitoring system detected transport congestion on network element OXVPBHS,4/5/2026 3:08,4/6/2026 3:08,OXVPBHS,1W1HT,G-RAN-FO-VFRO-NW,,
Z_SRM200614A001,Closed,G-RAN-FO-VFRO-NW,Change-Request,Frequency Re-farming,3,Scheduled maintenance: frequency re-farming on element OXV3T60,4/5/2026 3:09,4/6/2026 3:09,OXV3T60,R6K2V,G-CORE-OPS,Root cause fixed,Signal fluctuation detected; no persistent fault found. No recurrence observed in the last monitoring window.
Z_SRM200772A001,In Progress,G-TX-OPS,Change-Request,Software Upgrade - Huawei RAN,3,Change request for OXVXO9T: software upgrade - huawei ran,4/5/2026 8:35,4/6/2026 8:35,OXVXO9T,U2GC5,G-RAN-FO-VFRO-NW,Monitoring ongoing,Redundancy failover confirmed working; primary link under repair.
Z_INM200624A001,Closed,G-RAN-FO-VFRO-ZV,Network-Incident,Backhaul Degradation,3,RoboNOC ticket for OXVH2M5; detected event: backhaul degradation,4/6/2026 10:25,4/7/2026 10:25,OXVH2M5,JJA26,G-TX-OPS,Root cause fixed,Vendor dispatched for hardware replacement.
Z_SRM200594A001,In Progress,G-RAN-FO-VFRO-NW,Change-Request,Hardware Replacement - BBU,3,Change request for OXVPJA1: hardware replacement - bbu,4/6/2026 13:45,4/7/2026 13:45,OXVPJA1,OCWBF,G-CORE-OPS,Escalated to vendor,"Power module replaced on-site, all services operational."
Z_PRM200256A001,Noticed,G-TX-OPS,Problem-Management,Capacity Planning Review,2,Problem investigation for recurring capacity planning review on OXVPAC5,4/6/2026 14:51,4/6/2026 22:51,OXVPAC5,0982N,G-IP-OPS,,
Z_INM200759A001,In Progress,G-RAN-BO-VFRO-ZV,Network-Incident,Störung - RBS - Huawei 4G,2,RoboNOC ticket for OXVHZIO; detected event: störung - rbs - huawei 4g,4/6/2026 16:50,4/7/2026 0:50,OXVHZIO,OCWBF,G-TX-OPS,Escalated to vendor,No recurrence observed in the last monitoring window.
Z_SRM200708A001,Closed,G-CORE-OPS,Change-Request,Configuration Change - Transport,5,Planned activity on OXVZKLO - configuration change - transport,4/6/2026 1:28,4/9/2026 1:28,OXVZKLO,R6K2V,G-CORE-OPS,Issue resolved,Ticket correlated with parent problem ticket.
Z_NEV200802A001,Closed,G-IP-OPS,Network-Event,Network Monitoring Alert,4,Monitoring system detected network monitoring alert on network element OXVHL9X,4/6/2026 23:10,4/8/2026 23:10,OXVHL9X,OCWBF,G-RAN-BO-VFRO-ZV,Root cause fixed,"Vendor dispatched for hardware replacement. Software patch applied, alarm cleared after restart."
Z_SRM200921A001,In Progress,G-CORE-OPS,Change-Request,Capacity Expansion - 4G,4,Scheduled maintenance: capacity expansion - 4g on element OXVUJV6,4/7/2026 10:18,4/9/2026 10:18,OXVUJV6,0982N,G-RAN-BO-VFRO-ZV,,
Z_INM200061A001,Closed,G-RAN-FO-VFRO-NW,Network-Incident,Fiber Cut Detected,3,NMS alert triggered for OXVNB4G; event: fiber cut detected,4/7/2026 17:01,4/8/2026 17:01,OXVNB4G,7PZE9,G-RAN-BO-VFRO-ZV,Issue resolved,"Power module replaced on-site, all services operational."
Z_INM200437A001,Open,G-IP-OPS,Network-Incident,High CPU Usage,3,Automated alarm for OXVCKJL: high cpu usage - immediate action required,4/7/2026 17:34,4/8/2026 17:34,OXVCKJL,4NLZ1,G-RAN-BO-VFRO-ZV,,
Z_SRM200599A001,Closed,G-RAN-BO-VFRO-ZV,Change-Request,Capacity Expansion - 4G,4,Scheduled maintenance: capacity expansion - 4g on element OXVN9J2,4/7/2026 18:40,4/9/2026 18:40,OXVN9J2,5PSQ0,G-RAN-FO-VFRO-NW,Behoben,"Signal fluctuation detected; no persistent fault found. Software patch applied, alarm cleared after restart."
Z_INM200344A001,Assigned,G-CORE-OPS,Network-Incident,Power Failure,3,NMS alert triggered for OXVPSEI; event: power failure,4/7/2026 18:41,4/8/2026 18:41,OXVPSEI,XR2DH,G-RAN-BO-VFRO-ZV,,
Z_SRM200800A001,In Progress,G-RAN-FO-VFRO-SO,Change-Request,Capacity Expansion - 5G,5,Scheduled maintenance: capacity expansion - 5g on element OXV246H,4/7/2026 22:40,4/10/2026 22:40,OXV246H,BNP84,G-IP-OPS,Kein Fehler - Ticket zurückgezogen,Network element unreachable briefly; connectivity restored.
Z_INM200569A001,Answered,G-IP-OPS,Network-Incident,BTS Out of Service,3,RoboNOC ticket for OXV3W5U; detected event: bts out of service,4/7/2026 2:27,4/8/2026 2:27,OXV3W5U,9K9XJ,G-RAN-BO-VFRO-ZV,Root cause fixed,"Configuration rollback performed, service normalized. Additional validation checks completed successfully."
Z_SRM200083A001,Closed,G-CORE-OPS,Change-Request,Software Upgrade - Huawei RAN,5,Change request for OXV3W5U: software upgrade - huawei ran,4/7/2026 4:39,4/10/2026 4:39,OXV3W5U,YZ7SR,G-RAN-BO-VFRO-ZV,Issue resolved,"Power module replaced on-site, all services operational. Temporary degradation observed, system self-recovered."
Z_PRM200762A001,Open,G-IP-OPS,Problem-Management,Intermittent Cell Unavailability,2,Analysis of chronic issue: intermittent cell unavailability affecting OXVDPPQ,4/7/2026 5:14,4/7/2026 13:14,OXVDPPQ,R5UQP,G-RAN-BO-VFRO-ZV,,
Z_INM200521A001,Closed,G-RAN-FO-VFRO-ZV,Network-Incident,Störung - RBS - Nokia 3G,3,NMS alert triggered for OXVVYIE; event: störung - rbs - nokia 3g,4/7/2026 6:40,4/8/2026 6:40,OXVVYIE,5PY6B,G-IP-OPS,Issue resolved,"Power module replaced on-site, all services operational. Hardware module reset remotely. Traffic restored without errors."
Z_INM200371A001,Open,G-RAN-FO-VFRO-NW,Network-Incident,gNodeB Sync Loss,3,Monitoring system detected gnodeb sync loss on network element OXV48P0,4/8/2026 10:39,4/9/2026 10:39,OXV48P0,IA5U6,G-RAN-FO-VFRO-ZV,,
Z_INM200890A001,Assigned,G-IP-OPS,Network-Incident,Temperature Alarm,5,Automated alarm for OXVXAJI: temperature alarm - immediate action required,4/8/2026 11:27,4/11/2026 11:27,OXVXAJI,9SKDG,G-RAN-BO-VFRO-ZV,,
Z_INM200818A001,In Progress,G-RAN-BO-VFRO-ZV,Network-Incident,Transport Congestion,4,NMS alert triggered for OXV2PCN; event: transport congestion,4/8/2026 9:43,4/10/2026 9:43,OXV2PCN,83TQL,G-RAN-FO-VFRO-NW,Monitoring ongoing,"Software patch applied, alarm cleared after restart."
Z_SRM200619A001,Closed,G-CORE-OPS,Change-Request,Frequency Re-farming,4,Scheduled maintenance: frequency re-farming on element OXVL58K,4/9/2026 0:22,4/11/2026 0:22,OXVL58K,MYX44,G-RAN-FO-VFRO-NW,Root cause fixed,Remote reconfiguration applied; monitoring for 24h. Signal fluctuation detected; no persistent fault found.
Z_INM200529A001,Closed,G-RAN-FO-VFRO-SO,Network-Incident,VSWR Alarm,3,NMS alert triggered for OXVUHZ1; event: vswr alarm,4/9/2026 0:30,4/10/2026 0:30,OXVUHZ1,MWWYZ,G-CORE-OPS,Issue resolved,"Software patch applied, alarm cleared after restart. Additional validation checks completed successfully."
Z_SRM200041A001,Closed,G-IP-OPS,Change-Request,Site Integration - New Build,4,Scheduled maintenance: site integration - new build on element OXVOH9S,4/9/2026 13:41,4/11/2026 13:41,OXVOH9S,8T63J,G-RAN-FO-VFRO-ZV,Behoben,"Antenna realignment completed, coverage restored. Hardware module reset remotely. Traffic restored without errors."
Z_INM200071A001,Closed,G-CORE-OPS,Network-Incident,X2 Link Failure,4,Monitoring system detected x2 link failure on network element OXVA0L7,4/9/2026 23:26,4/11/2026 23:26,OXVA0L7,X63CF,G-TX-OPS,Issue resolved,Ticket correlated with parent problem ticket.
Z_INM200705A001,Closed,G-IP-OPS,Network-Incident,Packet Loss High,2,Monitoring system detected packet loss high on network element OXVPBMY,4/9/2026 2:50,4/9/2026 10:50,OXVPBMY,GB7R3,G-CORE-OPS,Behoben,Root cause identified as faulty RRU; replacement scheduled.
Z_INM200948A001,Closed,G-CORE-OPS,Network-Incident,Latency Threshold Exceeded,3,RoboNOC ticket for OXVKXVF; detected event: latency threshold exceeded,4/9/2026 4:28,4/10/2026 4:28,OXVKXVF,L8OS9,G-RAN-FO-VFRO-NW,Root cause fixed,Root cause identified as faulty RRU; replacement scheduled. Remote reconfiguration applied; monitoring for 24h.
Z_SRM200901A001,Open,G-RAN-FO-VFRO-ZV,Change-Request,Hardware Replacement - RRU,2,Planned activity on OXV1T2T - hardware replacement - rru,4/9/2026 5:13,4/9/2026 13:13,OXV1T2T,K0GET,G-RAN-BO-VFRO-ZV,,
Z_INM200375A001,Open,G-RAN-FO-VFRO-SO,Network-Incident,Störung - RBS - Ericsson 5G,2,Automated alarm for OXVZKLO: störung - rbs - ericsson 5g - immediate action required,5/1/2026 14:04,5/1/2026 22:04,OXVZKLO,WX7PT,G-RAN-FO-VFRO-NW,,
Z_NBL200528A001,In Progress,G-RAN-BO-VFRO-ZV,Network-Build,Power System Installation,4,Scheduled maintenance: power system installation on element OXVBNHL,5/1/2026 18:34,5/3/2026 18:34,OXVBNHL,P0LZJ,G-CORE-OPS,,
Z_INM200039A001,Closed,G-IP-OPS,Network-Incident,Störung - RBS - Huawei 4G,3,Monitoring system detected störung - rbs - huawei 4g on network element OXVWJ0T,5/1/2026 22:30,5/2/2026 22:30,OXVWJ0T,L8OS9,G-RAN-FO-VFRO-ZV,Behoben,Capacity threshold updated to prevent future false alerts. Root cause identified as faulty RRU; replacement scheduled.
Z_SRM200350A001,Open,G-RAN-FO-VFRO-SO,Change-Request,Hardware Replacement - RRU,3,Planned activity on OXVMVIH - hardware replacement - rru,5/1/2026 3:05,5/2/2026 3:05,OXVMVIH,OXFQ8,G-RAN-FO-VFRO-ZV,,
Z_SRM200377A001,Closed,G-CORE-OPS,Change-Request,Fiber Re-route,5,Change request for OXV4ZW9: fiber re-route,5/10/2026 18:19,5/13/2026 18:19,OXV4ZW9,0982N,G-TX-OPS,Root cause fixed,Ticket correlated with parent problem ticket. No recurrence observed in the last monitoring window.
Z_NEV200134A001,In Progress,G-TX-OPS,Network-Event,Planned Maintenance Window,3,NMS alert triggered for OXVA7TZ; event: planned maintenance window,5/10/2026 1:41,5/11/2026 1:41,OXVA7TZ,3R30M,G-RAN-FO-VFRO-NW,,
Z_PRM200481A001,Open,G-IP-OPS,Problem-Management,Capacity Planning Review,4,Analysis of chronic issue: capacity planning review affecting OXV58DR,5/10/2026 21:55,5/12/2026 21:55,OXV58DR,RBSV5,G-RAN-BO-VFRO-ZV,,
Z_INM200994A001,Closed,G-RAN-FO-VFRO-ZV,Network-Incident,Transport Congestion,4,Monitoring system detected transport congestion on network element OXVXAJI,5/10/2026 2:23,5/12/2026 2:23,OXVXAJI,FTMTT,G-RAN-FO-VFRO-ZV,Root cause fixed,"Power module replaced on-site, all services operational. Capacity threshold updated to prevent future false alerts."
Z_NEV200361A001,Closed,G-RAN-FO-VFRO-SO,Network-Event,Automated Recovery Triggered,3,Monitoring system detected automated recovery triggered on network element OXVRIXA,5/10/2026 4:15,5/11/2026 4:15,OXVRIXA,V2ISQ,G-RAN-FO-VFRO-NW,Behoben,Manual intervention performed: service restarted and stability confirmed. Additional validation checks completed successfully.
Z_INM200428A001,In Progress,G-TX-OPS,Network-Incident,gNodeB Sync Loss,4,RoboNOC ticket for OXVY9V8; detected event: gnodeb sync loss,5/11/2026 0:35,5/13/2026 0:35,OXVY9V8,WI6FQ,G-IP-OPS,Workaround applied,Root cause identified as faulty RRU; replacement scheduled.
Z_NBL200229A001,Noticed,G-RAN-FO-VFRO-NW,Network-Build,Fiber Connectivity Setup,4,Planned activity on OXVXO9T - fiber connectivity setup,5/11/2026 11:08,5/13/2026 11:08,OXVXO9T,Y4LYK,G-TX-OPS,,
Z_NEV200963A001,Closed,G-TX-OPS,Network-Event,Performance Degradation Detected,4,RoboNOC ticket for OXV2D54; detected event: performance degradation detected,5/11/2026 12:07,5/13/2026 12:07,OXV2D54,X63CF,G-IP-OPS,Issue resolved,"Software patch applied, alarm cleared after restart. Hardware module reset remotely. Traffic restored without errors."
Z_NEV200949A001,Noticed,G-RAN-FO-VFRO-SO,Network-Event,Automated Recovery Triggered,3,Automated alarm for OXVVYIE: automated recovery triggered - immediate action required,5/11/2026 21:33,5/12/2026 21:33,OXVVYIE,YV37D,G-RAN-BO-VFRO-ZV,,
Z_INM200010A001,Closed,G-TX-OPS,Network-Incident,Fiber Cut Detected,5,RoboNOC ticket for OXVZKLO; detected event: fiber cut detected,5/11/2026 2:29,5/14/2026 2:29,OXVZKLO,XFGCA,G-RAN-FO-VFRO-ZV,Root cause fixed,"Configuration rollback performed, service normalized. Vendor dispatched for hardware replacement."
Z_PRM200727A001,Answered,G-RAN-BO-VFRO-ZV,Problem-Management,Systematic Packet Loss Root Cause,3,Problem investigation for recurring systematic packet loss root cause on OXVKTAK,5/11/2026 5:13,5/12/2026 5:13,OXVKTAK,D96QE,G-RAN-FO-VFRO-NW,Issue resolved,Signal fluctuation detected; no persistent fault found. Root cause identified as faulty RRU; replacement scheduled.
Z_INM200389A001,In Progress,G-RAN-FO-VFRO-SO,Network-Incident,S1 Setup Failure,5,Automated alarm for OXVT9NT: s1 setup failure - immediate action required,5/11/2026 8:40,5/14/2026 8:40,OXVT9NT,5PY6B,G-RAN-FO-VFRO-ZV,No impact confirmed,Manual intervention performed: service restarted and stability confirmed.
Z_PRM200816A001,Open,G-IP-OPS,Problem-Management,Capacity Planning Review,2,Problem investigation for recurring capacity planning review on OXV1N13,5/12/2026 0:15,5/12/2026 8:15,OXV1N13,D84U8,G-CORE-OPS,,
Z_INM200690A001,Assigned,G-RAN-FO-VFRO-NW,Network-Incident,High CPU Usage,2,NMS alert triggered for OXVALA7; event: high cpu usage,5/12/2026 12:50,5/12/2026 20:50,OXVALA7,3R30M,G-CORE-OPS,,
Z_INM200223A001,Closed,G-RAN-BO-VFRO-ZV,Network-Incident,VSWR Alarm,5,Automated alarm for OXVKTAK: vswr alarm - immediate action required,5/12/2026 14:17,5/15/2026 14:17,OXVKTAK,9SKDG,G-TX-OPS,Root cause fixed,"Vendor dispatched for hardware replacement. Temporary degradation observed, system self-recovered."
Z_INM200885A001,Noticed,G-CORE-OPS,Network-Incident,Störung - RBS - Nokia 3G,5,Monitoring system detected störung - rbs - nokia 3g on network element OXVDBDW,5/12/2026 19:26,5/15/2026 19:26,OXVDBDW,D84U8,G-RAN-FO-VFRO-NW,,
Z_INM200431A001,Assigned,G-RAN-BO-VFRO-ZV,Network-Incident,Power Failure,3,NMS alert triggered for OXVNB4G; event: power failure,5/12/2026 22:58,5/13/2026 22:58,OXVNB4G,YFPMV,G-RAN-BO-VFRO-ZV,,
Z_NBL200823A001,Closed,G-IP-OPS,Network-Build,Power System Installation,5,Planned activity on OXV58DR - power system installation,5/13/2026 11:17,5/16/2026 11:17,OXV58DR,JJA26,G-TX-OPS,Issue resolved,Remote reconfiguration applied; monitoring for 24h.
Z_NEV200269A001,In Progress,G-RAN-BO-VFRO-ZV,Network-Event,Network Monitoring Alert,3,RoboNOC ticket for OXVE92M; detected event: network monitoring alert,5/13/2026 13:25,5/14/2026 13:25,OXVE92M,08P0F,G-RAN-FO-VFRO-NW,,
Z_INM200448A001,Answered,G-IP-OPS,Network-Incident,Packet Loss High,4,RoboNOC ticket for OXV6WZS; detected event: packet loss high,5/13/2026 14:26,5/15/2026 14:26,OXV6WZS,XR2DH,G-CORE-OPS,Behoben,Additional validation checks completed successfully. Vendor dispatched for hardware replacement.
Z_INM200632A001,In Progress,G-RAN-FO-VFRO-ZV,Network-Incident,NodeB Degraded,3,Monitoring system detected nodeb degraded on network element OXVPAC5,5/13/2026 1:01,5/14/2026 1:01,OXVPAC5,L0UKE,G-RAN-FO-VFRO-ZV,Monitoring ongoing,Ticket correlated with parent problem ticket.
Z_NBL200440A001,Closed,G-CORE-OPS,Network-Build,Fiber Connectivity Setup,4,Scheduled maintenance: fiber connectivity setup on element OXVDBDW,5/13/2026 20:00,5/15/2026 20:00,OXVDBDW,XTOGN,G-RAN-FO-VFRO-NW,Issue resolved,Ticket correlated with parent problem ticket.
Z_PRM200145A001,Closed,G-RAN-BO-VFRO-ZV,Problem-Management,Intermittent Cell Unavailability,3,Analysis of chronic issue: intermittent cell unavailability affecting OXVOFQE,5/13/2026 22:55,5/14/2026 22:55,OXVOFQE,QVKIZ,G-CORE-OPS,Root cause fixed,Remote reconfiguration applied; monitoring for 24h.
Z_INM200307A001,Closed,G-IP-OPS,Network-Incident,Latency Threshold Exceeded,4,Monitoring system detected latency threshold exceeded on network element OXVZJA8,5/13/2026 3:51,5/15/2026 3:51,OXVZJA8,1W1HT,G-TX-OPS,Behoben,Vendor dispatched for hardware replacement. Additional validation checks completed successfully.
Z_PRM200572A001,Closed,G-RAN-FO-VFRO-NW,Problem-Management,Systematic Packet Loss Root Cause,1,Problem investigation for recurring systematic packet loss root cause on OXVCQ99,5/13/2026 4:00,5/13/2026 8:00,OXVCQ99,MWWYZ,G-RAN-FO-VFRO-ZV,Root cause fixed,"Configuration rollback performed, service normalized. Capacity threshold updated to prevent future false alerts."
Z_INM200711A001,Closed,G-RAN-FO-VFRO-NW,Network-Incident,Transport Congestion,3,Automated alarm for OXVA7TZ: transport congestion - immediate action required,5/13/2026 5:59,5/14/2026 5:59,OXVA7TZ,P0LZJ,G-RAN-FO-VFRO-NW,Root cause fixed,Issue correlated with planned maintenance. No action needed. Manual intervention performed: service restarted and stability confirmed.
Z_INM200306A001,Closed,G-TX-OPS,Network-Incident,eNodeB RF Interference,1,NMS alert triggered for OXV0Y6D; event: enodeb rf interference,5/14/2026 13:13,5/14/2026 17:13,OXV0Y6D,IA5U6,G-RAN-FO-VFRO-ZV,Root cause fixed,"Configuration rollback performed, service normalized."
Z_INM200966A001,Open,G-TX-OPS,Network-Incident,VSWR Alarm,4,NMS alert triggered for OXVLJH7; event: vswr alarm,5/14/2026 14:13,5/16/2026 14:13,OXVLJH7,R6K2V,G-TX-OPS,,
Z_INM200740A001,Closed,G-RAN-BO-VFRO-ZV,Network-Incident,Störung - RBS - Nokia 3G,3,Automated alarm for OXVPSEI: störung - rbs - nokia 3g - immediate action required,5/14/2026 14:14,5/15/2026 14:14,OXVPSEI,90PDW,G-RAN-FO-VFRO-ZV,Issue resolved,"Antenna realignment completed, coverage restored. Network element unreachable briefly; connectivity restored."
Z_INM200976A001,Closed,G-RAN-BO-VFRO-ZV,Network-Incident,X2 Link Failure,1,Automated alarm for OXVOFQE: x2 link failure - immediate action required,5/14/2026 14:38,5/14/2026 18:38,OXVOFQE,1GHR0,G-IP-OPS,Behoben,"Fiber splice completed, signal restored to normal levels. Antenna realignment completed, coverage restored."
Z_INM200837A001,Noticed,G-RAN-BO-VFRO-ZV,Network-Incident,Latency Threshold Exceeded,3,Monitoring system detected latency threshold exceeded on network element OXV43D8,5/14/2026 16:52,5/15/2026 16:52,OXV43D8,D5EQY,G-TX-OPS,,
Z_INM200732A001,In Progress,G-RAN-FO-VFRO-NW,Network-Incident,Störung - RBS - Huawei 4G,4,RoboNOC ticket for OXVPJA1; detected event: störung - rbs - huawei 4g,5/14/2026 17:06,5/16/2026 17:06,OXVPJA1,ZQY72,G-RAN-FO-VFRO-NW,,
Z_INM200458A001,Open,G-CORE-OPS,Network-Incident,Störung - RBS - Ericsson 5G,4,Monitoring system detected störung - rbs - ericsson 5g on network element OXVWAOU,5/14/2026 20:11,5/16/2026 20:11,OXVWAOU,UY0BV,G-CORE-OPS,,
Z_NEV200508A001,Closed,G-RAN-BO-VFRO-ZV,Network-Event,Planned Maintenance Window,3,Automated alarm for OXVHV3A: planned maintenance window - immediate action required,5/15/2026 14:55,5/16/2026 14:55,OXVHV3A,7PZE9,G-TX-OPS,Root cause fixed,Manual intervention performed: service restarted and stability confirmed.
Z_INM200747A001,Closed,G-RAN-FO-VFRO-SO,Network-Incident,gNodeB Sync Loss,3,NMS alert triggered for OXVCIDK; event: gnodeb sync loss,5/15/2026 23:24,5/16/2026 23:24,OXVCIDK,K0GET,G-IP-OPS,Issue resolved,"Configuration rollback performed, service normalized. No recurrence observed in the last monitoring window."
Z_INM200240A001,In Progress,G-RAN-FO-VFRO-ZV,Network-Incident,S1 Setup Failure,3,RoboNOC ticket for OXVRJIW; detected event: s1 setup failure,5/15/2026 23:49,5/16/2026 23:49,OXVRJIW,MYX44,G-TX-OPS,No impact confirmed,No recurrence observed in the last monitoring window.
Z_PRM200403A001,Closed,G-CORE-OPS,Problem-Management,Chronic VSWR Investigation,3,Root cause investigation: chronic vswr investigation - multiple occurrences on OXVWNNH,5/15/2026 6:41,5/16/2026 6:41,OXVWNNH,V2ISQ,G-RAN-BO-VFRO-ZV,Issue resolved,Ticket correlated with parent problem ticket. Manual intervention performed: service restarted and stability confirmed.
Z_INM200043A001,Closed,G-IP-OPS,Network-Incident,High CPU Usage,5,Monitoring system detected high cpu usage on network element OXV0LVS,5/16/2026 0:44,5/19/2026 0:44,OXV0LVS,E8F84,G-RAN-FO-VFRO-NW,Issue resolved,Manual intervention performed: service restarted and stability confirmed. Network element unreachable briefly; connectivity restored.
Z_INM200336A001,Open,G-CORE-OPS,Network-Incident,S1 Setup Failure,4,Automated alarm for OXV2D54: s1 setup failure - immediate action required,5/16/2026 11:09,5/18/2026 11:09,OXV2D54,9K9XJ,G-TX-OPS,,
Z_PRM200760A001,Noticed,G-CORE-OPS,Problem-Management,Capacity Planning Review,4,Problem investigation for recurring capacity planning review on OXVC11E,5/16/2026 12:21,5/18/2026 12:21,OXVC11E,UY0BV,G-TX-OPS,,
Z_SRM200684A001,Open,G-CORE-OPS,Change-Request,Hardware Replacement - BBU,4,Change request for OXVY9V8: hardware replacement - bbu,5/16/2026 15:55,5/18/2026 15:55,OXVY9V8,XPJ4H,G-RAN-FO-VFRO-NW,,
Z_NBL200721A001,In Progress,G-RAN-FO-VFRO-ZV,Network-Build,New Site Build - Urban,5,Change request for OXVWM31: new site build - urban,5/16/2026 18:48,5/19/2026 18:48,OXVWM31,QVKIZ,G-TX-OPS,Workaround applied,Root cause identified as faulty RRU; replacement scheduled.
Z_PRM200835A001,Noticed,G-RAN-FO-VFRO-ZV,Problem-Management,Systematic Packet Loss Root Cause,3,Analysis of chronic issue: systematic packet loss root cause affecting OXVXLL4,5/16/2026 19:03,5/17/2026 19:03,OXVXLL4,5PSQ0,G-IP-OPS,,
Z_INM200204A001,Noticed,G-RAN-FO-VFRO-ZV,Network-Incident,Backhaul Degradation,5,RoboNOC ticket for OXV6QJI; detected event: backhaul degradation,5/17/2026 19:13,5/20/2026 19:13,OXV6QJI,0982N,G-IP-OPS,,
Z_INM200333A001,Answered,G-RAN-BO-VFRO-ZV,Network-Incident,Cell Unavailable,4,RoboNOC ticket for OXVGQPK; detected event: cell unavailable,5/17/2026 1:29,5/19/2026 1:29,OXVGQPK,YLURT,G-RAN-FO-VFRO-NW,Behoben,Manual intervention performed: service restarted and stability confirmed.
Z_INM200485A001,Closed,G-TX-OPS,Network-Incident,Temperature Alarm,3,RoboNOC ticket for OXV0YNC; detected event: temperature alarm,5/17/2026 20:56,5/18/2026 20:56,OXV0YNC,NRIUU,G-RAN-FO-VFRO-ZV,Issue resolved,"Intermittent issue mitigated, root cause still under observation."
Z_PRM200807A001,Closed,G-RAN-FO-VFRO-NW,Problem-Management,Capacity Planning Review,4,Problem investigation for recurring capacity planning review on OXVPHT0,5/17/2026 4:46,5/19/2026 4:46,OXVPHT0,MYX44,G-RAN-FO-VFRO-ZV,Issue resolved,Ticket correlated with parent problem ticket.
Z_INM200989A001,Open,G-RAN-BO-VFRO-ZV,Network-Incident,Störung - RBS - Ericsson 5G,5,Automated alarm for OXVRIXA: störung - rbs - ericsson 5g - immediate action required,5/17/2026 5:03,5/20/2026 5:03,OXVRIXA,YZ7SR,G-CORE-OPS,,
Z_PRM200167A001,Closed,G-IP-OPS,Problem-Management,Capacity Planning Review,3,Analysis of chronic issue: capacity planning review affecting OXV2GDS,5/17/2026 6:40,5/18/2026 6:40,OXV2GDS,X4W6X,G-RAN-FO-VFRO-NW,Behoben,Additional validation checks completed successfully. Signal fluctuation detected; no persistent fault found.
Z_INM200198A001,Assigned,G-IP-OPS,Network-Incident,X2 Link Failure,2,Monitoring system detected x2 link failure on network element OXVDPPQ,5/17/2026 7:35,5/17/2026 15:35,OXVDPPQ,MYX44,G-RAN-FO-VFRO-NW,,
Z_INM200452A001,Closed,G-TX-OPS,Network-Incident,VSWR Alarm,5,RoboNOC ticket for OXV2PCN; detected event: vswr alarm,5/18/2026 11:52,5/21/2026 11:52,OXV2PCN,IGATJ,G-RAN-FO-VFRO-NW,Behoben,Redundancy failover confirmed working; primary link under repair.
Z_INM200853A001,Open,G-IP-OPS,Network-Incident,NodeB Degraded,2,NMS alert triggered for OXVOH9S; event: nodeb degraded,5/18/2026 11:54,5/18/2026 19:54,OXVOH9S,XFGCA,G-IP-OPS,,
Z_PRM200638A001,Closed,G-RAN-BO-VFRO-ZV,Problem-Management,Recurring Link Down Analysis,3,Analysis of chronic issue: recurring link down analysis affecting OXVRJIW,5/18/2026 17:06,5/19/2026 17:06,OXVRJIW,XR2DH,G-RAN-FO-VFRO-NW,Behoben,"Network element unreachable briefly; connectivity restored. Power module replaced on-site, all services operational."
Z_NBL200379A001,Closed,G-RAN-FO-VFRO-SO,Network-Build,Cabinet Installation,3,Change request for OXVHV3A: cabinet installation,5/18/2026 19:23,5/19/2026 19:23,OXVHV3A,49ITN,G-RAN-FO-VFRO-NW,Root cause fixed,Root cause identified as faulty RRU; replacement scheduled. Additional validation checks completed successfully.
Z_NBL200639A001,Noticed,G-CORE-OPS,Network-Build,New Site Build - Urban,3,Scheduled maintenance: new site build - urban on element OXVCVS4,5/18/2026 6:42,5/19/2026 6:42,OXVCVS4,83TQL,G-IP-OPS,,
Z_SRM200054A001,In Progress,G-RAN-FO-VFRO-ZV,Change-Request,Frequency Re-farming,2,Planned activity on OXVWAOU - frequency re-farming,5/19/2026 12:32,5/19/2026 20:32,OXVWAOU,9YJB1,G-RAN-BO-VFRO-ZV,Kein Fehler - Ticket zurückgezogen,"Configuration rollback performed, service normalized."
Z_INM200592A001,Noticed,G-TX-OPS,Network-Incident,Power Failure,5,Monitoring system detected power failure on network element OXVJCAT,5/19/2026 21:04,5/22/2026 21:04,OXVJCAT,Y4LYK,G-RAN-FO-VFRO-NW,,
Z_NEV200781A001,Closed,G-RAN-FO-VFRO-NW,Network-Event,Planned Maintenance Window,3,NMS alert triggered for OXVRHOC; event: planned maintenance window,5/19/2026 4:18,5/20/2026 4:18,OXVRHOC,3R30M,G-RAN-BO-VFRO-ZV,Issue resolved,"Configuration rollback performed, service normalized. Remote reconfiguration applied; monitoring for 24h."
Z_SRM200068A001,Assigned,G-TX-OPS,Change-Request,Parameter Optimization,4,Scheduled maintenance: parameter optimization on element OXV5LXO,5/2/2026 0:30,5/4/2026 0:30,OXV5LXO,4NLZ1,G-CORE-OPS,,
Z_PRM200645A001,In Progress,G-RAN-FO-VFRO-ZV,Problem-Management,Chronic VSWR Investigation,2,Root cause investigation: chronic vswr investigation - multiple occurrences on OXVF8CG,5/2/2026 13:20,5/2/2026 21:20,OXVF8CG,U2GC5,G-RAN-BO-VFRO-ZV,,
Z_INM200789A001,In Progress,G-RAN-FO-VFRO-NW,Network-Incident,Packet Loss High,5,Automated alarm for OXVZJA8: packet loss high - immediate action required,5/2/2026 14:26,5/5/2026 14:26,OXVZJA8,V2ISQ,G-RAN-FO-VFRO-NW,Monitoring ongoing,"Software patch applied, alarm cleared after restart."
Z_INM200610A001,Noticed,G-IP-OPS,Network-Incident,Fiber Cut Detected,4,Automated alarm for OXV0Y6D: fiber cut detected - immediate action required,5/2/2026 21:30,5/4/2026 21:30,OXV0Y6D,XPJ4H,G-RAN-BO-VFRO-ZV,,
Z_NBL200262A001,In Progress,G-RAN-FO-VFRO-NW,Network-Build,Power System Installation,4,Scheduled maintenance: power system installation on element OXVPNSM,5/2/2026 4:49,5/4/2026 4:49,OXVPNSM,KKV9R,G-RAN-FO-VFRO-NW,,
Z_NEV200694A001,Closed,G-TX-OPS,Network-Event,Performance Degradation Detected,3,Automated alarm for OXVCIDK: performance degradation detected - immediate action required,5/2/2026 7:11,5/3/2026 7:11,OXVCIDK,2KNFT,G-RAN-FO-VFRO-ZV,Issue resolved,"Antenna realignment completed, coverage restored. Capacity threshold updated to prevent future false alerts."
Z_INM200907A001,Closed,G-TX-OPS,Network-Incident,High CPU Usage,4,NMS alert triggered for OXVGV0E; event: high cpu usage,5/20/2026 15:45,5/22/2026 15:45,OXVGV0E,4NLZ1,G-RAN-FO-VFRO-ZV,Root cause fixed,Signal fluctuation detected; no persistent fault found.
Z_INM200728A001,Closed,G-TX-OPS,Network-Incident,Störung - RBS - Ericsson 5G,4,Monitoring system detected störung - rbs - ericsson 5g on network element OXV2IAG,5/20/2026 7:31,5/22/2026 7:31,OXV2IAG,Y4LYK,G-TX-OPS,Issue resolved,Additional validation checks completed successfully. Vendor dispatched for hardware replacement.
Z_NBL200110A001,Assigned,G-RAN-FO-VFRO-NW,Network-Build,Tower Installation,3,Scheduled maintenance: tower installation on element OXVBNHL,5/21/2026 12:01,5/22/2026 12:01,OXVBNHL,0982N,G-RAN-FO-VFRO-NW,,
Z_NEV200028A001,In Progress,G-IP-OPS,Network-Event,Automated Recovery Triggered,4,Automated alarm for OXV2IAG: automated recovery triggered - immediate action required,5/21/2026 12:50,5/23/2026 12:50,OXV2IAG,9TZE5,G-RAN-FO-VFRO-ZV,Workaround applied,Signal fluctuation detected; no persistent fault found.
Z_INM200865A001,Open,G-RAN-FO-VFRO-ZV,Network-Incident,Latency Threshold Exceeded,3,NMS alert triggered for OXVPBHS; event: latency threshold exceeded,5/21/2026 14:35,5/22/2026 14:35,OXVPBHS,QVKIZ,G-IP-OPS,,
Z_INM200352A001,Closed,G-RAN-FO-VFRO-SO,Network-Incident,VSWR Alarm,1,Automated alarm for OXVW3ZP: vswr alarm - immediate action required,5/21/2026 15:56,5/21/2026 19:56,OXVW3ZP,3NX39,G-CORE-OPS,Root cause fixed,Hardware module reset remotely. Traffic restored without errors.
Z_NEV200652A001,Closed,G-RAN-BO-VFRO-ZV,Network-Event,Automated Recovery Triggered,3,Monitoring system detected automated recovery triggered on network element OXVTB94,5/21/2026 16:59,5/22/2026 16:59,OXVTB94,IA5U6,G-RAN-FO-VFRO-NW,Behoben,Issue correlated with planned maintenance. No action needed.
Z_SRM200230A001,Closed,G-RAN-BO-VFRO-ZV,Change-Request,Software Upgrade - Ericsson RAN,3,Scheduled maintenance: software upgrade - ericsson ran on element OXVR23G,5/21/2026 19:36,5/22/2026 19:36,OXVR23G,2ATQY,G-IP-OPS,Behoben,"Software patch applied, alarm cleared after restart. Issue correlated with planned maintenance. No action needed."
Z_INM200525A001,Noticed,G-RAN-BO-VFRO-ZV,Network-Incident,Packet Loss High,2,Monitoring system detected packet loss high on network element OXV874F,5/21/2026 19:40,5/22/2026 3:40,OXV874F,I1B0Z,G-TX-OPS,,
Z_NBL200072A001,Closed,G-RAN-FO-VFRO-NW,Network-Build,Cabinet Installation,4,Scheduled maintenance: cabinet installation on element OXVXLL4,5/21/2026 20:15,5/23/2026 20:15,OXVXLL4,QLGZU,G-RAN-FO-VFRO-ZV,Issue resolved,"Temporary degradation observed, system self-recovered. Fiber splice completed, signal restored to normal levels."
Z_NEV200077A001,Noticed,G-IP-OPS,Network-Event,Performance Degradation Detected,4,NMS alert triggered for OXVQP89; event: performance degradation detected,5/21/2026 3:11,5/23/2026 3:11,OXVQP89,R6K2V,G-CORE-OPS,,
Z_NEV200554A001,Closed,G-RAN-FO-VFRO-NW,Network-Event,Automated Recovery Triggered,3,NMS alert triggered for OXVAZYT; event: automated recovery triggered,5/22/2026 14:27,5/23/2026 14:27,OXVAZYT,X63CF,G-IP-OPS,Root cause fixed,"Temporary degradation observed, system self-recovered. Manual intervention performed: service restarted and stability confirmed."
Z_INM200685A001,Open,G-RAN-FO-VFRO-NW,Network-Incident,X2 Link Failure,4,Automated alarm for OXVCWI6: x2 link failure - immediate action required,5/22/2026 1:54,5/24/2026 1:54,OXVCWI6,D96QE,G-TX-OPS,,
Z_INM200343A001,Assigned,G-RAN-BO-VFRO-ZV,Network-Incident,X2 Link Failure,3,RoboNOC ticket for OXVLY8O; detected event: x2 link failure,5/22/2026 4:33,5/23/2026 4:33,OXVLY8O,YLURT,G-RAN-FO-VFRO-ZV,,
Z_INM200131A001,Closed,G-TX-OPS,Network-Incident,High CPU Usage,4,Monitoring system detected high cpu usage on network element OXVTRP0,5/22/2026 5:03,5/24/2026 5:03,OXVTRP0,9YJB1,G-TX-OPS,Issue resolved,"Intermittent issue mitigated, root cause still under observation."
Z_INM200456A001,Open,G-RAN-FO-VFRO-NW,Network-Incident,Störung - RBS - Nokia 3G,1,NMS alert triggered for OXVQ85J; event: störung - rbs - nokia 3g,5/22/2026 6:36,5/22/2026 10:36,OXVQ85J,JJA26,G-IP-OPS,,
Z_PRM200954A001,Assigned,G-RAN-FO-VFRO-NW,Problem-Management,Systematic Packet Loss Root Cause,3,Problem investigation for recurring systematic packet loss root cause on OXVIR4C,5/23/2026 10:05,5/24/2026 10:05,OXVIR4C,YFPMV,G-CORE-OPS,,
Z_INM200657A001,In Progress,G-RAN-FO-VFRO-NW,Network-Incident,BTS Out of Service,4,NMS alert triggered for OXVXAJI; event: bts out of service,5/23/2026 15:25,5/25/2026 15:25,OXVXAJI,Y4LYK,G-RAN-BO-VFRO-ZV,Escalated to vendor,"Intermittent issue mitigated, root cause still under observation."
Z_NBL200480A001,Open,G-CORE-OPS,Network-Build,New Site Build - Urban,4,Planned activity on OXVAZYT - new site build - urban,5/23/2026 2:22,5/25/2026 2:22,OXVAZYT,YFPMV,G-RAN-BO-VFRO-ZV,,
Z_NEV200196A001,Noticed,G-RAN-FO-VFRO-ZV,Network-Event,Performance Degradation Detected,3,Monitoring system detected performance degradation detected on network element OXV2GDS,5/23/2026 5:00,5/24/2026 5:00,OXV2GDS,OF8KR,G-IP-OPS,,
Z_NEV200176A001,Closed,G-IP-OPS,Network-Event,Threshold Breach Notification,5,Automated alarm for OXVYKL1: threshold breach notification - immediate action required,5/23/2026 5:31,5/26/2026 5:31,OXVYKL1,NRIUU,G-TX-OPS,Behoben,"Temporary degradation observed, system self-recovered. Temporary degradation observed, system self-recovered."
Z_INM200750A001,Open,G-RAN-FO-VFRO-NW,Network-Incident,Transport Congestion,4,NMS alert triggered for OXVOH9S; event: transport congestion,5/23/2026 6:30,5/25/2026 6:30,OXVOH9S,1W1HT,G-CORE-OPS,,
Z_NEV200701A001,In Progress,G-RAN-FO-VFRO-SO,Network-Event,Performance Degradation Detected,4,NMS alert triggered for OXVZBIK; event: performance degradation detected,5/23/2026 7:26,5/25/2026 7:26,OXVZBIK,K0GET,G-CORE-OPS,Monitoring ongoing,Additional validation checks completed successfully.
Z_SRM200042A001,In Progress,G-RAN-FO-VFRO-NW,Change-Request,Capacity Expansion - 5G,4,Scheduled maintenance: capacity expansion - 5g on element OXVZKLO,5/23/2026 7:45,5/25/2026 7:45,OXVZKLO,1W1HT,G-RAN-FO-VFRO-ZV,Workaround applied,"Software patch applied, alarm cleared after restart."
Z_PRM200946A001,Closed,G-TX-OPS,Problem-Management,Capacity Planning Review,3,Problem investigation for recurring capacity planning review on OXVF8CG,5/23/2026 8:14,5/24/2026 8:14,OXVF8CG,YV37D,G-TX-OPS,Issue resolved,Hardware module reset remotely. Traffic restored without errors. No recurrence observed in the last monitoring window.
Z_INM200587A001,Answered,G-CORE-OPS,Network-Incident,Link Down,2,Monitoring system detected link down on network element OXVOHP6,5/24/2026 10:58,5/24/2026 18:58,OXVOHP6,ZQY72,G-CORE-OPS,Root cause fixed,Root cause identified as faulty RRU; replacement scheduled.
Z_INM200761A001,In Progress,G-RAN-FO-VFRO-NW,Network-Incident,gNodeB Sync Loss,4,RoboNOC ticket for OXVI7P5; detected event: gnodeb sync loss,5/24/2026 11:54,5/26/2026 11:54,OXVI7P5,DZR1Y,G-CORE-OPS,Monitoring ongoing,No recurrence observed in the last monitoring window.
Z_SRM200524A001,Noticed,G-RAN-BO-VFRO-ZV,Change-Request,Configuration Change - Transport,4,Change request for OXVOH9S: configuration change - transport,5/24/2026 23:19,5/26/2026 23:19,OXVOH9S,V08HH,G-CORE-OPS,,
Z_INM200340A001,In Progress,G-CORE-OPS,Network-Incident,Latency Threshold Exceeded,3,Monitoring system detected latency threshold exceeded on network element OXVZKLO,5/24/2026 3:13,5/25/2026 3:13,OXVZKLO,D84U8,G-TX-OPS,Monitoring ongoing,"Fiber splice completed, signal restored to normal levels."
Z_INM200169A001,In Progress,G-RAN-FO-VFRO-ZV,Network-Incident,Backhaul Degradation,4,Automated alarm for OXVDBDW: backhaul degradation - immediate action required,5/25/2026 0:32,5/27/2026 0:32,OXVDBDW,WI6FQ,G-CORE-OPS,,
Z_INM200962A001,Noticed,G-RAN-FO-VFRO-NW,Network-Incident,Störung - RBS - Nokia 3G,5,Automated alarm for OXVRTJ5: störung - rbs - nokia 3g - immediate action required,5/25/2026 12:35,5/28/2026 12:35,OXVRTJ5,D96QE,G-RAN-FO-VFRO-NW,,
Z_NBL200252A001,Noticed,G-RAN-FO-VFRO-SO,Network-Build,Cabinet Installation,4,Scheduled maintenance: cabinet installation on element OXV1SWJ,5/25/2026 17:03,5/27/2026 17:03,OXV1SWJ,OCWBF,G-CORE-OPS,,
Z_PRM200988A001,Answered,G-TX-OPS,Problem-Management,Repeated Power Failure Pattern,3,Root cause investigation: repeated power failure pattern - multiple occurrences on OXVZKLO,5/26/2026 0:10,5/27/2026 0:10,OXVZKLO,K0GET,G-IP-OPS,Behoben,Manual intervention performed: service restarted and stability confirmed. Root cause identified as faulty RRU; replacement scheduled.
Z_INM200222A001,Noticed,G-TX-OPS,Network-Incident,Temperature Alarm,2,RoboNOC ticket for OXV48P0; detected event: temperature alarm,5/26/2026 10:24,5/26/2026 18:24,OXV48P0,OF8KR,G-IP-OPS,,
Z_INM200664A001,Closed,G-RAN-FO-VFRO-SO,Network-Incident,Backhaul Degradation,2,NMS alert triggered for OXVUJV6; event: backhaul degradation,5/26/2026 21:20,5/27/2026 5:20,OXVUJV6,9K9XJ,G-RAN-FO-VFRO-NW,Root cause fixed,No recurrence observed in the last monitoring window.
Z_NEV200497A001,In Progress,G-RAN-FO-VFRO-NW,Network-Event,Performance Degradation Detected,4,Automated alarm for OXVJCAT: performance degradation detected - immediate action required,5/27/2026 10:38,5/29/2026 10:38,OXVJCAT,QLGZU,G-RAN-FO-VFRO-NW,Escalated to vendor,"Software patch applied, alarm cleared after restart."
Z_INM200106A001,Open,G-RAN-FO-VFRO-ZV,Network-Incident,VSWR Alarm,5,Monitoring system detected vswr alarm on network element OXV2IAG,5/27/2026 11:26,5/30/2026 11:26,OXV2IAG,7S55J,G-RAN-BO-VFRO-ZV,,
Z_SRM200147A001,Closed,G-IP-OPS,Change-Request,Frequency Re-farming,5,Change request for OXV5IQV: frequency re-farming,5/27/2026 22:52,5/30/2026 22:52,OXV5IQV,P49KW,G-TX-OPS,Issue resolved,Remote reconfiguration applied; monitoring for 24h. Vendor dispatched for hardware replacement.
Z_SRM200719A001,Closed,G-TX-OPS,Change-Request,Parameter Optimization,3,Planned activity on OXV0Y6D - parameter optimization,5/27/2026 23:27,5/28/2026 23:27,OXV0Y6D,MYX44,G-TX-OPS,Issue resolved,Vendor dispatched for hardware replacement.
Z_PRM200628A001,Closed,G-RAN-BO-VFRO-ZV,Problem-Management,Intermittent Cell Unavailability,3,Root cause investigation: intermittent cell unavailability - multiple occurrences on OXV1T2T,5/27/2026 2:23,5/28/2026 2:23,OXV1T2T,9SKDG,G-RAN-BO-VFRO-ZV,Root cause fixed,Capacity threshold updated to prevent future false alerts.
Z_NEV200447A001,Closed,G-RAN-BO-VFRO-ZV,Network-Event,Threshold Breach Notification,4,Automated alarm for OXVKXVF: threshold breach notification - immediate action required,5/27/2026 2:34,5/29/2026 2:34,OXVKXVF,9SKDG,G-CORE-OPS,Root cause fixed,"Antenna realignment completed, coverage restored."
Z_NEV200162A001,In Progress,G-RAN-FO-VFRO-NW,Network-Event,Network Monitoring Alert,3,RoboNOC ticket for OXVOWGZ; detected event: network monitoring alert,5/27/2026 2:39,5/28/2026 2:39,OXVOWGZ,ODRO8,G-CORE-OPS,Escalated to vendor,"Configuration rollback performed, service normalized."
Z_INM200486A001,Assigned,G-RAN-FO-VFRO-NW,Network-Incident,Fiber Cut Detected,5,Automated alarm for OXVD14V: fiber cut detected - immediate action required,5/27/2026 6:02,5/30/2026 6:02,OXVD14V,P49KW,G-CORE-OPS,,
Z_SRM200830A001,Closed,G-RAN-FO-VFRO-SO,Change-Request,Software Upgrade - Ericsson RAN,5,Planned activity on OXV4ZW9 - software upgrade - ericsson ran,5/27/2026 6:03,5/30/2026 6:03,OXV4ZW9,CBPLJ,G-RAN-FO-VFRO-ZV,Behoben,"Intermittent issue mitigated, root cause still under observation."
Z_NBL200519A001,In Progress,G-RAN-BO-VFRO-ZV,Network-Build,New Site Build - Rural,5,Scheduled maintenance: new site build - rural on element OXVAHXT,5/27/2026 9:58,5/30/2026 9:58,OXVAHXT,8T63J,G-RAN-FO-VFRO-NW,,
Z_NBL200316A001,Closed,G-RAN-FO-VFRO-NW,Network-Build,Cabinet Installation,4,Planned activity on OXVNB4G - cabinet installation,5/28/2026 2:04,5/30/2026 2:04,OXVNB4G,1W1HT,G-CORE-OPS,Root cause fixed,"Remote reconfiguration applied; monitoring for 24h. Temporary degradation observed, system self-recovered."
Z_SRM200215A001,Closed,G-RAN-FO-VFRO-ZV,Change-Request,Hardware Replacement - BBU,3,Change request for OXVUHZ1: hardware replacement - bbu,5/28/2026 6:17,5/29/2026 6:17,OXVUHZ1,2KNFT,G-CORE-OPS,Behoben,"Ticket correlated with parent problem ticket. Power module replaced on-site, all services operational."
Z_INM200643A001,Closed,G-RAN-FO-VFRO-ZV,Network-Incident,eNodeB RF Interference,3,RoboNOC ticket for OXVIR4C; detected event: enodeb rf interference,5/28/2026 9:17,5/29/2026 9:17,OXVIR4C,D96QE,G-RAN-FO-VFRO-NW,Issue resolved,Issue correlated with planned maintenance. No action needed.
Z_SRM200977A001,Closed,G-RAN-FO-VFRO-SO,Change-Request,Software Upgrade - Ericsson RAN,2,Scheduled maintenance: software upgrade - ericsson ran on element OXV58DR,5/29/2026 0:58,5/29/2026 8:58,OXV58DR,VIFTT,G-RAN-FO-VFRO-ZV,Root cause fixed,"Temporary degradation observed, system self-recovered."
Z_SRM200506A001,Open,G-RAN-BO-VFRO-ZV,Change-Request,Fiber Re-route,4,Planned activity on OXVWJ0T - fiber re-route,5/29/2026 11:50,5/31/2026 11:50,OXVWJ0T,2KNFT,G-CORE-OPS,,
Z_PRM200919A001,In Progress,G-RAN-FO-VFRO-ZV,Problem-Management,Repeated Power Failure Pattern,2,Problem investigation for recurring repeated power failure pattern on OXVXA3K,5/29/2026 11:55,5/29/2026 19:55,OXVXA3K,P0LZJ,G-IP-OPS,,
Z_SRM200836A001,Closed,G-CORE-OPS,Change-Request,Capacity Expansion - 5G,4,Planned activity on OXVTEIY - capacity expansion - 5g,5/29/2026 13:32,5/31/2026 13:32,OXVTEIY,5PY6B,G-IP-OPS,Behoben,Manual intervention performed: service restarted and stability confirmed.
Z_INM200031A001,In Progress,G-RAN-FO-VFRO-SO,Network-Incident,eNodeB RF Interference,1,Automated alarm for OXVAZYT: enodeb rf interference - immediate action required,5/29/2026 19:15,5/29/2026 23:15,OXVAZYT,X4W6X,G-TX-OPS,Monitoring ongoing,Manual intervention performed: service restarted and stability confirmed.
Z_INM200895A001,Closed,G-CORE-OPS,Network-Incident,BTS Out of Service,1,Monitoring system detected bts out of service on network element OXVI4Q2,5/29/2026 21:24,5/30/2026 1:24,OXVI4Q2,NRIUU,G-CORE-OPS,Behoben,"Signal fluctuation detected; no persistent fault found. Power module replaced on-site, all services operational."
Z_SRM200991A001,Closed,G-IP-OPS,Change-Request,Antenna Swap,4,Planned activity on OXVTB94 - antenna swap,5/29/2026 22:25,5/31/2026 22:25,OXVTB94,D96QE,G-CORE-OPS,Root cause fixed,"Additional validation checks completed successfully. Intermittent issue mitigated, root cause still under observation."
Z_INM200410A001,Closed,G-RAN-FO-VFRO-SO,Network-Incident,X2 Link Failure,3,RoboNOC ticket for OXVPJA1; detected event: x2 link failure,5/29/2026 22:37,5/30/2026 22:37,OXVPJA1,1W1HT,G-RAN-FO-VFRO-ZV,Behoben,"Software patch applied, alarm cleared after restart."
Z_INM200499A001,In Progress,G-RAN-FO-VFRO-ZV,Network-Incident,VSWR Alarm,4,NMS alert triggered for OXV2PCN; event: vswr alarm,5/29/2026 22:55,5/31/2026 22:55,OXV2PCN,FTMTT,G-TX-OPS,,
Z_PRM200911A001,Open,G-IP-OPS,Problem-Management,Recurring Link Down Analysis,4,Analysis of chronic issue: recurring link down analysis affecting OXV9XUY,5/29/2026 5:28,5/31/2026 5:28,OXV9XUY,ODRO8,G-RAN-FO-VFRO-ZV,,
Z_PRM200073A001,In Progress,G-RAN-BO-VFRO-ZV,Problem-Management,Recurring Link Down Analysis,3,Root cause investigation: recurring link down analysis - multiple occurrences on OXVH2M5,5/3/2026 3:28,5/4/2026 3:28,OXVH2M5,IA5U6,G-RAN-FO-VFRO-NW,Escalated to vendor,Signal fluctuation detected; no persistent fault found.
Z_INM200422A001,Noticed,G-CORE-OPS,Network-Incident,High CPU Usage,4,Monitoring system detected high cpu usage on network element OXVJ7XV,5/3/2026 5:32,5/5/2026 5:32,OXVJ7XV,OCWBF,G-CORE-OPS,,
Z_SRM200621A001,Open,G-RAN-FO-VFRO-NW,Change-Request,Frequency Re-farming,3,Scheduled maintenance: frequency re-farming on element OXVRJIW,5/3/2026 8:31,5/4/2026 8:31,OXVRJIW,D96QE,G-RAN-FO-VFRO-ZV,,
Z_INM200939A001,Open,G-RAN-FO-VFRO-SO,Network-Incident,S1 Setup Failure,5,Automated alarm for OXVOM5I: s1 setup failure - immediate action required,5/3/2026 9:35,5/6/2026 9:35,OXVOM5I,7PZE9,G-IP-OPS,,
Z_INM200588A001,Open,G-IP-OPS,Network-Incident,Packet Loss High,2,Monitoring system detected packet loss high on network element OXVYKL1,5/3/2026 9:55,5/3/2026 17:55,OXVYKL1,9YJB1,G-TX-OPS,,
Z_NEV200368A001,In Progress,G-RAN-FO-VFRO-SO,Network-Event,Threshold Breach Notification,5,Automated alarm for OXV2IAG: threshold breach notification - immediate action required,5/30/2026 14:16,6/2/2026 14:16,OXV2IAG,3NX39,G-CORE-OPS,Workaround applied,"Temporary degradation observed, system self-recovered."
Z_NBL200709A001,Noticed,G-TX-OPS,Network-Build,New Site Build - Rural,4,Scheduled maintenance: new site build - rural on element OXVALA7,5/30/2026 18:22,6/1/2026 18:22,OXVALA7,4NLZ1,G-RAN-BO-VFRO-ZV,,
Z_INM200670A001,Assigned,G-IP-OPS,Network-Incident,Power Failure,3,NMS alert triggered for OXVE92M; event: power failure,5/30/2026 5:23,5/31/2026 5:23,OXVE92M,9YJB1,G-RAN-BO-VFRO-ZV,,
Z_INM200479A001,Closed,G-RAN-FO-VFRO-ZV,Network-Incident,Störung - RBS - Huawei 4G,1,RoboNOC ticket for OXVPSEI; detected event: störung - rbs - huawei 4g,5/30/2026 5:57,5/30/2026 9:57,OXVPSEI,IA5U6,G-CORE-OPS,Root cause fixed,No recurrence observed in the last monitoring window.
Z_PRM200455A001,Open,G-CORE-OPS,Problem-Management,Capacity Planning Review,3,Analysis of chronic issue: capacity planning review affecting OXVRHOC,5/30/2026 6:26,5/31/2026 6:26,OXVRHOC,ODRO8,G-RAN-BO-VFRO-ZV,,
Z_INM200094A001,Closed,G-RAN-FO-VFRO-ZV,Network-Incident,NodeB Degraded,1,Automated alarm for OXV41IB: nodeb degraded - immediate action required,5/30/2026 7:40,5/30/2026 11:40,OXV41IB,E8F84,G-RAN-FO-VFRO-ZV,Issue resolved,Vendor dispatched for hardware replacement.
Z_NEV200289A001,Closed,G-RAN-FO-VFRO-ZV,Network-Event,Planned Maintenance Window,5,Automated alarm for OXV6QJI: planned maintenance window - immediate action required,5/30/2026 8:43,6/2/2026 8:43,OXV6QJI,R5UQP,G-TX-OPS,Behoben,Additional validation checks completed successfully.
Z_INM200354A001,Closed,G-CORE-OPS,Network-Incident,S1 Setup Failure,4,Monitoring system detected s1 setup failure on network element OXV38DA,5/31/2026 16:02,6/2/2026 16:02,OXV38DA,WX7PT,G-IP-OPS,Issue resolved,Manual intervention performed: service restarted and stability confirmed. Redundancy failover confirmed working; primary link under repair.
Z_INM200172A001,In Progress,G-RAN-FO-VFRO-ZV,Network-Incident,Fiber Cut Detected,2,RoboNOC ticket for OXV9MX2; detected event: fiber cut detected,5/31/2026 3:58,5/31/2026 11:58,OXV9MX2,5PSQ0,G-CORE-OPS,No impact confirmed,Issue correlated with planned maintenance. No action needed.
Z_INM200160A001,Open,G-RAN-FO-VFRO-ZV,Network-Incident,Temperature Alarm,5,Automated alarm for OXVDBDW: temperature alarm - immediate action required,5/31/2026 4:35,6/3/2026 4:35,OXVDBDW,V2ISQ,G-IP-OPS,,
Z_INM200308A001,Closed,G-TX-OPS,Network-Incident,S1 Setup Failure,5,Monitoring system detected s1 setup failure on network element OXVXLL4,5/31/2026 8:00,6/3/2026 8:00,OXVXLL4,2ATQY,G-CORE-OPS,Issue resolved,Signal fluctuation detected; no persistent fault found. Capacity threshold updated to prevent future false alerts.
Z_NEV200662A001,Closed,G-CORE-OPS,Network-Event,Performance Degradation Detected,3,Automated alarm for OXVTB94: performance degradation detected - immediate action required,5/4/2026 12:38,5/5/2026 12:38,OXVTB94,3R30M,G-RAN-FO-VFRO-NW,Behoben,Redundancy failover confirmed working; primary link under repair. Additional validation checks completed successfully.
Z_INM200568A001,Answered,G-RAN-FO-VFRO-NW,Network-Incident,Transport Congestion,4,Monitoring system detected transport congestion on network element OXVHE7U,5/4/2026 15:00,5/6/2026 15:00,OXVHE7U,KKV9R,G-CORE-OPS,Behoben,"Intermittent issue mitigated, root cause still under observation."
Z_SRM200912A001,In Progress,G-IP-OPS,Change-Request,Fiber Re-route,3,Scheduled maintenance: fiber re-route on element OXV4V30,5/4/2026 18:28,5/5/2026 18:28,OXV4V30,YZ7SR,G-RAN-FO-VFRO-ZV,Monitoring ongoing,"Fiber splice completed, signal restored to normal levels."
Z_NEV200055A001,Noticed,G-IP-OPS,Network-Event,Network Monitoring Alert,4,Automated alarm for OXVPNSM: network monitoring alert - immediate action required,5/4/2026 19:53,5/6/2026 19:53,OXVPNSM,E8F84,G-IP-OPS,,
Z_INM200665A001,Closed,G-RAN-FO-VFRO-NW,Network-Incident,NodeB Degraded,3,RoboNOC ticket for OXVZKLO; detected event: nodeb degraded,5/4/2026 21:47,5/5/2026 21:47,OXVZKLO,8T63J,G-CORE-OPS,Behoben,Issue correlated with planned maintenance. No action needed. Remote reconfiguration applied; monitoring for 24h.
Z_INM200396A001,Assigned,G-RAN-FO-VFRO-NW,Network-Incident,Störung - RBS - Nokia 3G,2,NMS alert triggered for OXV253J; event: störung - rbs - nokia 3g,5/4/2026 2:59,5/4/2026 10:59,OXV253J,X63CF,G-RAN-FO-VFRO-NW,,
Z_INM200168A001,Closed,G-TX-OPS,Network-Incident,Transport Congestion,4,RoboNOC ticket for OXVOWF7; detected event: transport congestion,5/4/2026 4:01,5/6/2026 4:01,OXVOWF7,GB7R3,G-RAN-BO-VFRO-ZV,Root cause fixed,Vendor dispatched for hardware replacement. Issue correlated with planned maintenance. No action needed.
Z_INM200059A001,In Progress,G-IP-OPS,Network-Incident,X2 Link Failure,5,NMS alert triggered for OXV253J; event: x2 link failure,5/4/2026 7:34,5/7/2026 7:34,OXV253J,Y4LYK,G-TX-OPS,,
Z_INM200981A001,Closed,G-CORE-OPS,Network-Incident,BTS Out of Service,3,NMS alert triggered for OXVNB4G; event: bts out of service,5/5/2026 19:45,5/6/2026 19:45,OXVNB4G,P0LZJ,G-RAN-BO-VFRO-ZV,Root cause fixed,Signal fluctuation detected; no persistent fault found. Network element unreachable briefly; connectivity restored.
Z_INM200764A001,Answered,G-RAN-FO-VFRO-ZV,Network-Incident,Fiber Cut Detected,3,RoboNOC ticket for OXVXA3K; detected event: fiber cut detected,5/5/2026 20:28,5/6/2026 20:28,OXVXA3K,WRDML,G-RAN-FO-VFRO-NW,Root cause fixed,Redundancy failover confirmed working; primary link under repair. Hardware module reset remotely. Traffic restored without errors.
Z_NEV200899A001,Assigned,G-TX-OPS,Network-Event,Threshold Breach Notification,3,Automated alarm for OXVAFEY: threshold breach notification - immediate action required,5/5/2026 5:04,5/6/2026 5:04,OXVAFEY,ZQY72,G-RAN-FO-VFRO-NW,,
Z_NBL200164A001,Closed,G-TX-OPS,Network-Build,Power System Installation,3,Change request for OXV246H: power system installation,5/6/2026 11:22,5/7/2026 11:22,OXV246H,QX6GV,G-TX-OPS,Behoben,Root cause identified as faulty RRU; replacement scheduled.
Z_INM200459A001,Closed,G-IP-OPS,Network-Incident,X2 Link Failure,3,RoboNOC ticket for OXVZCYW; detected event: x2 link failure,5/6/2026 15:35,5/7/2026 15:35,OXVZCYW,RBSV5,G-RAN-FO-VFRO-NW,Root cause fixed,"Additional validation checks completed successfully. Software patch applied, alarm cleared after restart."
Z_INM200297A001,Closed,G-CORE-OPS,Network-Incident,NodeB Degraded,3,Monitoring system detected nodeb degraded on network element OXVI3QK,5/6/2026 16:26,5/7/2026 16:26,OXVI3QK,P49KW,G-RAN-FO-VFRO-NW,Behoben,Issue correlated with planned maintenance. No action needed.
Z_INM200268A001,Assigned,G-TX-OPS,Network-Incident,Cell Unavailable,5,NMS alert triggered for OXVCHJ7; event: cell unavailable,5/6/2026 18:11,5/9/2026 18:11,OXVCHJ7,9YJB1,G-CORE-OPS,,
Z_SRM200275A001,In Progress,G-RAN-FO-VFRO-SO,Change-Request,Configuration Change - Radio,3,Change request for OXVZKLO: configuration change - radio,5/7/2026 12:20,5/8/2026 12:20,OXVZKLO,LPU0D,G-TX-OPS,No impact confirmed,Capacity threshold updated to prevent future false alerts.
Z_INM200329A001,Closed,G-RAN-FO-VFRO-SO,Network-Incident,Backhaul Degradation,2,Automated alarm for OXVALA7: backhaul degradation - immediate action required,5/7/2026 1:10,5/7/2026 9:10,OXVALA7,3NX39,G-RAN-FO-VFRO-NW,Root cause fixed,"Configuration rollback performed, service normalized."
Z_PRM200945A001,Assigned,G-RAN-FO-VFRO-ZV,Problem-Management,Capacity Planning Review,2,Problem investigation for recurring capacity planning review on OXVOKEP,5/7/2026 1:32,5/7/2026 9:32,OXVOKEP,HC36K,G-RAN-FO-VFRO-NW,,
Z_INM200586A001,Closed,G-RAN-FO-VFRO-NW,Network-Incident,Link Down,3,Automated alarm for OXVSG65: link down - immediate action required,5/7/2026 4:00,5/8/2026 4:00,OXVSG65,YLURT,G-RAN-BO-VFRO-ZV,Root cause fixed,Additional validation checks completed successfully.
Z_INM200897A001,Noticed,G-RAN-FO-VFRO-SO,Network-Incident,Störung - RBS - Ericsson 5G,2,RoboNOC ticket for OXVAFEY; detected event: störung - rbs - ericsson 5g,5/7/2026 4:39,5/7/2026 12:39,OXVAFEY,XPJ4H,G-RAN-FO-VFRO-ZV,,
Z_PRM200360A001,In Progress,G-RAN-FO-VFRO-NW,Problem-Management,Intermittent Cell Unavailability,2,Problem investigation for recurring intermittent cell unavailability on OXV9T84,5/8/2026 13:15,5/8/2026 21:15,OXV9T84,UK9E1,G-RAN-BO-VFRO-ZV,Monitoring ongoing,Additional validation checks completed successfully.
Z_INM200654A001,Closed,G-IP-OPS,Network-Incident,Temperature Alarm,5,Automated alarm for OXVOWF7: temperature alarm - immediate action required,5/8/2026 16:59,5/11/2026 16:59,OXVOWF7,08P0F,G-IP-OPS,Behoben,Issue correlated with planned maintenance. No action needed. Additional validation checks completed successfully.
Z_INM200744A001,In Progress,G-RAN-FO-VFRO-NW,Network-Incident,Störung - RBS - Nokia 3G,4,RoboNOC ticket for OXVZJA8; detected event: störung - rbs - nokia 3g,5/8/2026 21:12,5/10/2026 21:12,OXVZJA8,3R30M,G-RAN-FO-VFRO-NW,,
Z_INM200132A001,In Progress,G-RAN-FO-VFRO-NW,Network-Incident,Transport Congestion,4,Automated alarm for OXVLJH7: transport congestion - immediate action required,5/8/2026 21:35,5/10/2026 21:35,OXVLJH7,5PY6B,G-CORE-OPS,Escalated to vendor,Network element unreachable briefly; connectivity restored.
Z_NEV200908A001,Closed,G-RAN-FO-VFRO-ZV,Network-Event,Threshold Breach Notification,3,Automated alarm for OXV246H: threshold breach notification - immediate action required,5/8/2026 23:01,5/9/2026 23:01,OXV246H,5BCW7,G-RAN-FO-VFRO-NW,Issue resolved,No recurrence observed in the last monitoring window. No recurrence observed in the last monitoring window.
Z_INM200248A001,Open,G-CORE-OPS,Network-Incident,Latency Threshold Exceeded,3,NMS alert triggered for OXV58DR; event: latency threshold exceeded,5/8/2026 4:23,5/9/2026 4:23,OXV58DR,UY0BV,G-RAN-FO-VFRO-ZV,,
Z_INM200358A001,Answered,G-TX-OPS,Network-Incident,Störung - RBS - Ericsson 5G,1,Monitoring system detected störung - rbs - ericsson 5g on network element OXV0YNC,5/8/2026 8:00,5/8/2026 12:00,OXV0YNC,Y4LYK,G-RAN-FO-VFRO-NW,Behoben,Remote reconfiguration applied; monitoring for 24h. Hardware module reset remotely. Traffic restored without errors.
Z_SRM200113A001,Noticed,G-TX-OPS,Change-Request,Power System Upgrade,5,Planned activity on OXVZKLO - power system upgrade,5/9/2026 0:29,5/12/2026 0:29,OXVZKLO,IGATJ,G-RAN-FO-VFRO-NW,,
Z_INM200873A001,Open,G-RAN-BO-VFRO-ZV,Network-Incident,BTS Out of Service,2,Monitoring system detected bts out of service on network element OXVQ85J,5/9/2026 12:36,5/9/2026 20:36,OXVQ85J,P49KW,G-RAN-FO-VFRO-ZV,,
Z_SRM200015A001,In Progress,G-RAN-BO-VFRO-ZV,Change-Request,Software Upgrade - Huawei RAN,4,Planned activity on OXVJ7XV - software upgrade - huawei ran,5/9/2026 12:51,5/11/2026 12:51,OXVJ7XV,WX7PT,G-TX-OPS,Escalated to vendor,Vendor dispatched for hardware replacement.
Z_NEV200075A001,In Progress,G-RAN-FO-VFRO-NW,Network-Event,Automated Recovery Triggered,3,Monitoring system detected automated recovery triggered on network element OXVNAM1,5/9/2026 14:12,5/10/2026 14:12,OXVNAM1,IGATJ,G-RAN-BO-VFRO-ZV,Kein Fehler - Ticket zurückgezogen,Manual intervention performed: service restarted and stability confirmed.
Z_NEV200434A001,Closed,G-RAN-FO-VFRO-NW,Network-Event,Threshold Breach Notification,3,Automated alarm for OXVPHR6: threshold breach notification - immediate action required,5/9/2026 15:24,5/10/2026 15:24,OXVPHR6,KKV9R,G-CORE-OPS,Root cause fixed,Signal fluctuation detected; no persistent fault found.
Z_NBL200291A001,Closed,G-TX-OPS,Network-Build,New Site Build - Urban,4,Change request for OXVC11E: new site build - urban,5/9/2026 16:18,5/11/2026 16:18,OXVC11E,NRIUU,G-TX-OPS,Issue resolved,Manual intervention performed: service restarted and stability confirmed. Signal fluctuation detected; no persistent fault found.
Z_INM200869A001,Noticed,G-RAN-FO-VFRO-NW,Network-Incident,Temperature Alarm,4,Automated alarm for OXVXA3K: temperature alarm - immediate action required,5/9/2026 1:24,5/11/2026 1:24,OXVXA3K,49ITN,G-RAN-FO-VFRO-ZV,,
Z_INM200460A001,Answered,G-RAN-FO-VFRO-NW,Network-Incident,High CPU Usage,4,Automated alarm for OXVZCOT: high cpu usage - immediate action required,5/9/2026 7:14,5/11/2026 7:14,OXVZCOT,49ITN,G-RAN-BO-VFRO-ZV,Root cause fixed,"Antenna realignment completed, coverage restored. Configuration rollback performed, service normalized."
Z_NEV200181A001,In Progress,G-CORE-OPS,Network-Event,Network Monitoring Alert,3,RoboNOC ticket for OXV2D54; detected event: network monitoring alert,6/1/2026 10:46,6/2/2026 10:46,OXV2D54,KKV9R,G-IP-OPS,,
Z_INM200146A001,In Progress,G-IP-OPS,Network-Incident,S1 Setup Failure,3,Monitoring system detected s1 setup failure on network element OXV4V30,6/1/2026 14:30,6/2/2026 14:30,OXV4V30,Y4LYK,G-RAN-FO-VFRO-ZV,Escalated to vendor,Additional validation checks completed successfully.
Z_INM200922A001,Open,G-RAN-FO-VFRO-SO,Network-Incident,Link Down,5,Automated alarm for OXVTVHH: link down - immediate action required,6/1/2026 19:33,6/4/2026 19:33,OXVTVHH,7S55J,G-RAN-BO-VFRO-ZV,,
Z_INM200439A001,Answered,G-RAN-BO-VFRO-ZV,Network-Incident,eNodeB RF Interference,5,NMS alert triggered for OXVPBMY; event: enodeb rf interference,6/1/2026 5:47,6/4/2026 5:47,OXVPBMY,GB7R3,G-RAN-FO-VFRO-NW,Root cause fixed,No recurrence observed in the last monitoring window.
Z_INM200320A001,Closed,G-RAN-BO-VFRO-ZV,Network-Incident,Cell Unavailable,5,RoboNOC ticket for OXVXA3K; detected event: cell unavailable,6/1/2026 6:06,6/4/2026 6:06,OXVXA3K,QX6GV,G-RAN-BO-VFRO-ZV,Behoben,Network element unreachable briefly; connectivity restored. Root cause identified as faulty RRU; replacement scheduled.
Z_PRM200686A001,Closed,G-RAN-FO-VFRO-ZV,Problem-Management,Recurring Link Down Analysis,3,Analysis of chronic issue: recurring link down analysis affecting OXVOWGZ,6/1/2026 8:46,6/2/2026 8:46,OXVOWGZ,0982N,G-IP-OPS,Root cause fixed,Remote reconfiguration applied; monitoring for 24h.
Z_INM200858A001,Closed,G-RAN-BO-VFRO-ZV,Network-Incident,VSWR Alarm,4,NMS alert triggered for OXVGQPK; event: vswr alarm,6/1/2026 8:48,6/3/2026 8:48,OXVGQPK,RBSV5,G-RAN-FO-VFRO-ZV,Behoben,"Temporary degradation observed, system self-recovered."
Z_NEV200504A001,Open,G-RAN-BO-VFRO-ZV,Network-Event,Performance Degradation Detected,4,NMS alert triggered for OXVRTJ5; event: performance degradation detected,6/10/2026 10:35,6/12/2026 10:35,OXVRTJ5,9YJB1,G-CORE-OPS,,
Z_PRM200559A001,Answered,G-RAN-FO-VFRO-NW,Problem-Management,Repeated Power Failure Pattern,3,Root cause investigation: repeated power failure pattern - multiple occurrences on OXV1T2T,6/10/2026 15:17,6/11/2026 15:17,OXV1T2T,XR2DH,G-TX-OPS,Root cause fixed,Capacity threshold updated to prevent future false alerts.
Z_INM200595A001,In Progress,G-RAN-FO-VFRO-ZV,Network-Incident,S1 Setup Failure,3,RoboNOC ticket for OXVW3ZP; detected event: s1 setup failure,6/10/2026 18:31,6/11/2026 18:31,OXVW3ZP,9SKDG,G-IP-OPS,Kein Fehler - Ticket zurückgezogen,Vendor dispatched for hardware replacement.
Z_INM200079A001,In Progress,G-CORE-OPS,Network-Incident,S1 Setup Failure,4,NMS alert triggered for OXVUJV6; event: s1 setup failure,6/10/2026 18:32,6/12/2026 18:32,OXVUJV6,3NX39,G-RAN-FO-VFRO-NW,Kein Fehler - Ticket zurückgezogen,Signal fluctuation detected; no persistent fault found.
Z_INM200225A001,Closed,G-CORE-OPS,Network-Incident,VSWR Alarm,3,Monitoring system detected vswr alarm on network element OXVOKEP,6/10/2026 1:34,6/11/2026 1:34,OXVOKEP,3NX39,G-IP-OPS,Issue resolved,Capacity threshold updated to prevent future false alerts.
Z_INM200202A001,Closed,G-CORE-OPS,Network-Incident,Packet Loss High,3,Monitoring system detected packet loss high on network element OXV11DP,6/10/2026 22:31,6/11/2026 22:31,OXV11DP,L0UKE,G-CORE-OPS,Issue resolved,Issue correlated with planned maintenance. No action needed.
Z_INM200090A001,Noticed,G-RAN-FO-VFRO-NW,Network-Incident,NodeB Degraded,4,Automated alarm for OXVZKLO: nodeb degraded - immediate action required,6/10/2026 7:35,6/12/2026 7:35,OXVZKLO,2KNFT,G-TX-OPS,,
Z_INM200770A001,Assigned,G-IP-OPS,Network-Incident,eNodeB RF Interference,4,Monitoring system detected enodeb rf interference on network element OXVAXEQ,6/10/2026 7:45,6/12/2026 7:45,OXVAXEQ,XFGCA,G-CORE-OPS,,
Z_NBL200833A001,Closed,G-IP-OPS,Network-Build,Fiber Connectivity Setup,3,Change request for OXVKXVF: fiber connectivity setup,6/11/2026 15:46,6/12/2026 15:46,OXVKXVF,5PY6B,G-TX-OPS,Issue resolved,Remote reconfiguration applied; monitoring for 24h. Ticket correlated with parent problem ticket.
Z_INM200220A001,In Progress,G-RAN-BO-VFRO-ZV,Network-Incident,Fiber Cut Detected,1,Automated alarm for OXVJCAT: fiber cut detected - immediate action required,6/11/2026 17:44,6/11/2026 21:44,OXVJCAT,90PDW,G-TX-OPS,Monitoring ongoing,Hardware module reset remotely. Traffic restored without errors.
Z_INM200213A001,Closed,G-RAN-FO-VFRO-NW,Network-Incident,VSWR Alarm,5,NMS alert triggered for OXVG8SB; event: vswr alarm,6/11/2026 23:13,6/14/2026 23:13,OXVG8SB,GB7R3,G-CORE-OPS,Root cause fixed,Network element unreachable briefly; connectivity restored.
Z_SRM200983A001,Closed,G-RAN-FO-VFRO-ZV,Change-Request,Capacity Expansion - 4G,3,Change request for OXVJ43D: capacity expansion - 4g,6/12/2026 0:13,6/13/2026 0:13,OXVJ43D,83TQL,G-CORE-OPS,Behoben,"Software patch applied, alarm cleared after restart. Redundancy failover confirmed working; primary link under repair."
Z_INM200121A001,Closed,G-TX-OPS,Network-Incident,Temperature Alarm,2,RoboNOC ticket for OXVRTJ5; detected event: temperature alarm,6/12/2026 20:30,6/13/2026 4:30,OXVRTJ5,GB7R3,G-RAN-FO-VFRO-NW,Root cause fixed,Redundancy failover confirmed working; primary link under repair. Redundancy failover confirmed working; primary link under repair.
Z_SRM200637A001,Closed,G-IP-OPS,Change-Request,Frequency Re-farming,4,Scheduled maintenance: frequency re-farming on element OXVRJIW,6/12/2026 22:42,6/14/2026 22:42,OXVRJIW,V08HH,G-CORE-OPS,Behoben,Capacity threshold updated to prevent future false alerts.
Z_INM200494A001,Answered,G-RAN-BO-VFRO-ZV,Network-Incident,gNodeB Sync Loss,3,Automated alarm for OXVHE7U: gnodeb sync loss - immediate action required,6/12/2026 23:34,6/13/2026 23:34,OXVHE7U,BNP84,G-RAN-FO-VFRO-NW,Behoben,Issue correlated with planned maintenance. No action needed.
Z_NBL200096A001,Noticed,G-TX-OPS,Network-Build,Power System Installation,3,Change request for OXV1T2T: power system installation,6/12/2026 2:33,6/13/2026 2:33,OXV1T2T,YZ7SR,G-CORE-OPS,,
Z_NBL200502A001,Closed,G-RAN-FO-VFRO-SO,Network-Build,Cabinet Installation,4,Scheduled maintenance: cabinet installation on element OXVWJ0T,6/12/2026 5:45,6/14/2026 5:45,OXVWJ0T,X63CF,G-RAN-FO-VFRO-NW,Issue resolved,Network element unreachable briefly; connectivity restored.
Z_INM200357A001,Closed,G-RAN-FO-VFRO-ZV,Network-Incident,VSWR Alarm,2,Monitoring system detected vswr alarm on network element OXVT9NT,6/12/2026 9:26,6/12/2026 17:26,OXVT9NT,9YJB1,G-CORE-OPS,Issue resolved,Root cause identified as faulty RRU; replacement scheduled. Ticket correlated with parent problem ticket.
Z_PRM200546A001,Noticed,G-RAN-FO-VFRO-NW,Problem-Management,Recurring Link Down Analysis,2,Problem investigation for recurring recurring link down analysis on OXVIR4C,6/13/2026 15:30,6/13/2026 23:30,OXVIR4C,5PSQ0,G-RAN-FO-VFRO-NW,,
Z_PRM200066A001,Closed,G-IP-OPS,Problem-Management,Recurring Link Down Analysis,2,Root cause investigation: recurring link down analysis - multiple occurrences on OXV8UT0,6/13/2026 15:57,6/13/2026 23:57,OXV8UT0,HC36K,G-RAN-FO-VFRO-ZV,Issue resolved,Root cause identified as faulty RRU; replacement scheduled.
Z_INM200593A001,Assigned,G-CORE-OPS,Network-Incident,Temperature Alarm,4,Automated alarm for OXV6T4U: temperature alarm - immediate action required,6/13/2026 23:48,6/15/2026 23:48,OXV6T4U,4NLZ1,G-RAN-FO-VFRO-NW,,
Z_INM200522A001,In Progress,G-CORE-OPS,Network-Incident,BTS Out of Service,4,Monitoring system detected bts out of service on network element OXVAXEQ,6/13/2026 7:45,6/15/2026 7:45,OXVAXEQ,P49KW,G-IP-OPS,,
Z_PRM200432A001,Closed,G-RAN-FO-VFRO-ZV,Problem-Management,Recurring Link Down Analysis,3,Problem investigation for recurring recurring link down analysis on OXV6WZS,6/14/2026 14:16,6/15/2026 14:16,OXV6WZS,3NX39,G-TX-OPS,Root cause fixed,Hardware module reset remotely. Traffic restored without errors.
Z_NBL200871A001,Closed,G-RAN-FO-VFRO-SO,Network-Build,Tower Installation,4,Scheduled maintenance: tower installation on element OXV38DA,6/14/2026 15:04,6/16/2026 15:04,OXV38DA,LPU0D,G-IP-OPS,Behoben,Signal fluctuation detected; no persistent fault found.
Z_INM200338A001,Noticed,G-RAN-BO-VFRO-ZV,Network-Incident,Link Down,1,Automated alarm for OXVOWGZ: link down - immediate action required,6/14/2026 15:43,6/14/2026 19:43,OXVOWGZ,7PZE9,G-IP-OPS,,
Z_SRM200050A001,Open,G-TX-OPS,Change-Request,Power System Upgrade,3,Scheduled maintenance: power system upgrade on element OXVYIHA,6/14/2026 19:05,6/15/2026 19:05,OXVYIHA,5PSQ0,G-RAN-FO-VFRO-NW,,
Z_PRM200142A001,In Progress,G-CORE-OPS,Problem-Management,Repeated Power Failure Pattern,3,Analysis of chronic issue: repeated power failure pattern affecting OXV5935,6/14/2026 4:23,6/15/2026 4:23,OXV5935,D5EQY,G-TX-OPS,Kein Fehler - Ticket zurückgezogen,Redundancy failover confirmed working; primary link under repair.
Z_INM200854A001,In Progress,G-TX-OPS,Network-Incident,VSWR Alarm,3,NMS alert triggered for OXVAXEQ; event: vswr alarm,6/14/2026 6:48,6/15/2026 6:48,OXVAXEQ,WI6FQ,G-CORE-OPS,No impact confirmed,Ticket correlated with parent problem ticket.
Z_NEV200388A001,Closed,G-RAN-FO-VFRO-SO,Network-Event,Threshold Breach Notification,4,Monitoring system detected threshold breach notification on network element OXVC11E,6/15/2026 11:12,6/17/2026 11:12,OXVC11E,X4W6X,G-TX-OPS,Root cause fixed,Root cause identified as faulty RRU; replacement scheduled.
Z_INM200119A001,Open,G-RAN-FO-VFRO-NW,Network-Incident,gNodeB Sync Loss,4,NMS alert triggered for OXVCIDK; event: gnodeb sync loss,6/15/2026 3:16,6/17/2026 3:16,OXVCIDK,R5UQP,G-IP-OPS,,
Z_INM200231A001,In Progress,G-RAN-FO-VFRO-SO,Network-Incident,Temperature Alarm,3,RoboNOC ticket for OXVID25; detected event: temperature alarm,6/15/2026 6:56,6/16/2026 6:56,OXVID25,2KNFT,G-IP-OPS,Workaround applied,Ticket correlated with parent problem ticket.
Z_INM200687A001,Assigned,G-RAN-FO-VFRO-ZV,Network-Incident,BTS Out of Service,3,Automated alarm for OXVCIDK: bts out of service - immediate action required,6/16/2026 4:11,6/17/2026 4:11,OXVCIDK,NRIUU,G-RAN-FO-VFRO-ZV,,
Z_INM200734A001,Assigned,G-RAN-FO-VFRO-NW,Network-Incident,Störung - RBS - Huawei 4G,5,Monitoring system detected störung - rbs - huawei 4g on network element OXVQP89,6/16/2026 8:52,6/19/2026 8:52,OXVQP89,Y4LYK,G-RAN-FO-VFRO-NW,,
Z_SRM200931A001,Closed,G-RAN-FO-VFRO-ZV,Change-Request,Frequency Re-farming,4,Planned activity on OXVFEL6 - frequency re-farming,6/17/2026 12:48,6/19/2026 12:48,OXVFEL6,GB7R3,G-IP-OPS,Root cause fixed,Remote reconfiguration applied; monitoring for 24h.
Z_NBL200425A001,In Progress,G-CORE-OPS,Network-Build,Fiber Connectivity Setup,5,Planned activity on OXV4ZW9 - fiber connectivity setup,6/17/2026 3:34,6/20/2026 3:34,OXV4ZW9,5PSQ0,G-RAN-BO-VFRO-ZV,No impact confirmed,Network element unreachable briefly; connectivity restored.
Z_SRM200045A001,In Progress,G-IP-OPS,Change-Request,Parameter Optimization,4,Change request for OXVE92M: parameter optimization,6/17/2026 9:51,6/19/2026 9:51,OXVE92M,9K9XJ,G-RAN-FO-VFRO-ZV,Kein Fehler - Ticket zurückgezogen,"Fiber splice completed, signal restored to normal levels."
Z_INM200064A001,Closed,G-RAN-FO-VFRO-ZV,Network-Incident,Packet Loss High,5,Automated alarm for OXVPHT0: packet loss high - immediate action required,6/18/2026 0:37,6/21/2026 0:37,OXVPHT0,UK9E1,G-IP-OPS,Root cause fixed,"Ticket correlated with parent problem ticket. Intermittent issue mitigated, root cause still under observation."
Z_INM200570A001,Open,G-RAN-FO-VFRO-SO,Network-Incident,Transport Congestion,2,NMS alert triggered for OXVAXEQ; event: transport congestion,6/18/2026 13:58,6/18/2026 21:58,OXVAXEQ,P49KW,G-RAN-FO-VFRO-NW,,
Z_SRM200330A001,Noticed,G-CORE-OPS,Change-Request,Capacity Expansion - 4G,3,Change request for OXV1SWJ: capacity expansion - 4g,6/18/2026 14:22,6/19/2026 14:22,OXV1SWJ,GB7R3,G-TX-OPS,,
Z_NEV200754A001,Closed,G-RAN-FO-VFRO-SO,Network-Event,Planned Maintenance Window,4,NMS alert triggered for OXVID25; event: planned maintenance window,6/18/2026 1:02,6/20/2026 1:02,OXVID25,OF8KR,G-CORE-OPS,Issue resolved,"Fiber splice completed, signal restored to normal levels. Hardware module reset remotely. Traffic restored without errors."
Z_PRM200724A001,Assigned,G-RAN-FO-VFRO-NW,Problem-Management,Systematic Packet Loss Root Cause,3,Root cause investigation: systematic packet loss root cause - multiple occurrences on OXV48P0,6/18/2026 21:50,6/19/2026 21:50,OXV48P0,UK9E1,G-CORE-OPS,,
Z_PRM200933A001,Closed,G-RAN-BO-VFRO-ZV,Problem-Management,Systematic Packet Loss Root Cause,3,Analysis of chronic issue: systematic packet loss root cause affecting OXVXA3K,6/18/2026 2:39,6/19/2026 2:39,OXVXA3K,OF8KR,G-RAN-FO-VFRO-ZV,Issue resolved,Hardware module reset remotely. Traffic restored without errors. Additional validation checks completed successfully.
Z_INM200736A001,Assigned,G-CORE-OPS,Network-Incident,Transport Congestion,3,RoboNOC ticket for OXVTB94; detected event: transport congestion,6/18/2026 3:10,6/19/2026 3:10,OXVTB94,0982N,G-RAN-FO-VFRO-ZV,,
Z_NEV200219A001,Closed,G-CORE-OPS,Network-Event,Threshold Breach Notification,4,NMS alert triggered for OXVDBDW; event: threshold breach notification,6/18/2026 9:23,6/20/2026 9:23,OXVDBDW,D84U8,G-RAN-BO-VFRO-ZV,Behoben,No recurrence observed in the last monitoring window. Network element unreachable briefly; connectivity restored.
Z_NBL200478A001,Closed,G-CORE-OPS,Network-Build,Tower Installation,3,Change request for OXV8UT0: tower installation,6/19/2026 10:36,6/20/2026 10:36,OXV8UT0,OF8KR,G-CORE-OPS,Behoben,"Software patch applied, alarm cleared after restart."
Z_PRM200604A001,Assigned,G-IP-OPS,Problem-Management,Repeated Power Failure Pattern,4,Analysis of chronic issue: repeated power failure pattern affecting OXVG0FN,6/19/2026 15:01,6/21/2026 15:01,OXVG0FN,K0GET,G-CORE-OPS,,
Z_PRM200244A001,Noticed,G-IP-OPS,Problem-Management,Repeated Power Failure Pattern,1,Problem investigation for recurring repeated power failure pattern on OXV6IVW,6/19/2026 17:47,6/19/2026 21:47,OXV6IVW,XPJ4H,G-IP-OPS,,
Z_SRM200303A001,Closed,G-RAN-FO-VFRO-SO,Change-Request,Power System Upgrade,3,Change request for OXVD14V: power system upgrade,6/19/2026 20:58,6/20/2026 20:58,OXVD14V,DZR1Y,G-RAN-FO-VFRO-NW,Issue resolved,No recurrence observed in the last monitoring window.
Z_PRM200102A001,Closed,G-CORE-OPS,Problem-Management,Systematic Packet Loss Root Cause,4,Root cause investigation: systematic packet loss root cause - multiple occurrences on OXVI4Q2,6/2/2026 14:06,6/4/2026 14:06,OXVI4Q2,2ATQY,G-RAN-FO-VFRO-ZV,Root cause fixed,Vendor dispatched for hardware replacement.
Z_INM200669A001,Closed,G-RAN-FO-VFRO-ZV,Network-Incident,eNodeB RF Interference,4,NMS alert triggered for OXV6QJI; event: enodeb rf interference,6/2/2026 14:26,6/4/2026 14:26,OXV6QJI,RBSV5,G-IP-OPS,Behoben,Capacity threshold updated to prevent future false alerts.
Z_SRM200214A001,Assigned,G-RAN-FO-VFRO-SO,Change-Request,Site Integration - New Build,3,Scheduled maintenance: site integration - new build on element OXV43D8,6/2/2026 17:35,6/3/2026 17:35,OXV43D8,FTMTT,G-IP-OPS,,
Z_NEV200623A001,Open,G-RAN-FO-VFRO-ZV,Network-Event,Automated Recovery Triggered,3,Automated alarm for OXV1N13: automated recovery triggered - immediate action required,6/2/2026 18:33,6/3/2026 18:33,OXV1N13,YLURT,G-RAN-FO-VFRO-NW,,
Z_NEV200197A001,Noticed,G-RAN-BO-VFRO-ZV,Network-Event,Automated Recovery Triggered,4,NMS alert triggered for OXVOFQE; event: automated recovery triggered,6/2/2026 19:38,6/4/2026 19:38,OXVOFQE,KKV9R,G-RAN-FO-VFRO-NW,,
Z_NEV200123A001,Closed,G-RAN-FO-VFRO-NW,Network-Event,Planned Maintenance Window,3,Automated alarm for OXV6T4U: planned maintenance window - immediate action required,6/2/2026 5:11,6/3/2026 5:11,OXV6T4U,XTOGN,G-RAN-FO-VFRO-ZV,Issue resolved,"Antenna realignment completed, coverage restored."
Z_INM200844A001,Closed,G-RAN-BO-VFRO-ZV,Network-Incident,Transport Congestion,4,Monitoring system detected transport congestion on network element OXVCWI6,6/2/2026 7:00,6/4/2026 7:00,OXVCWI6,WI6FQ,G-RAN-FO-VFRO-ZV,Issue resolved,"Fiber splice completed, signal restored to normal levels. Manual intervention performed: service restarted and stability confirmed."
Z_INM200265A001,Open,G-IP-OPS,Network-Incident,S1 Setup Failure,2,NMS alert triggered for OXVX7EE; event: s1 setup failure,6/2/2026 7:22,6/2/2026 15:22,OXVX7EE,X63CF,G-RAN-FO-VFRO-NW,,
Z_NBL200840A001,Closed,G-RAN-FO-VFRO-SO,Network-Build,Cabinet Installation,5,Scheduled maintenance: cabinet installation on element OXVALA7,6/2/2026 8:39,6/5/2026 8:39,OXVALA7,3NX39,G-CORE-OPS,Root cause fixed,"Temporary degradation observed, system self-recovered. Issue correlated with planned maintenance. No action needed."
Z_SRM200302A001,Closed,G-RAN-FO-VFRO-ZV,Change-Request,Configuration Change - Radio,5,Scheduled maintenance: configuration change - radio on element OXVPSEI,6/20/2026 10:37,6/23/2026 10:37,OXVPSEI,08P0F,G-RAN-BO-VFRO-ZV,Issue resolved,Capacity threshold updated to prevent future false alerts.
Z_SRM200967A001,Noticed,G-RAN-FO-VFRO-NW,Change-Request,Configuration Change - Radio,4,Planned activity on OXVZJA8 - configuration change - radio,6/20/2026 11:15,6/22/2026 11:15,OXVZJA8,L8OS9,G-IP-OPS,,
Z_NEV200957A001,In Progress,G-RAN-FO-VFRO-SO,Network-Event,Network Monitoring Alert,4,NMS alert triggered for OXVPHT0; event: network monitoring alert,6/20/2026 19:09,6/22/2026 19:09,OXVPHT0,1GHR0,G-RAN-FO-VFRO-NW,,
Z_NBL200101A001,Noticed,G-CORE-OPS,Network-Build,Tower Installation,3,Scheduled maintenance: tower installation on element OXVUHZ1,6/20/2026 19:45,6/21/2026 19:45,OXVUHZ1,Y4LYK,G-IP-OPS,,
Z_NEV200391A001,Closed,G-CORE-OPS,Network-Event,Automated Recovery Triggered,4,RoboNOC ticket for OXV7Y6W; detected event: automated recovery triggered,6/20/2026 1:26,6/22/2026 1:26,OXV7Y6W,KKV9R,G-TX-OPS,Issue resolved,Capacity threshold updated to prevent future false alerts.
Z_INM200567A001,In Progress,G-CORE-OPS,Network-Incident,Temperature Alarm,5,NMS alert triggered for OXVCIDK; event: temperature alarm,6/20/2026 6:49,6/23/2026 6:49,OXVCIDK,XFGCA,G-IP-OPS,Kein Fehler - Ticket zurückgezogen,No recurrence observed in the last monitoring window.
Z_INM200700A001,Closed,G-RAN-BO-VFRO-ZV,Network-Incident,Backhaul Degradation,5,NMS alert triggered for OXVN9J2; event: backhaul degradation,6/20/2026 8:39,6/23/2026 8:39,OXVN9J2,JEGET,G-RAN-FO-VFRO-NW,Behoben,"Fiber splice completed, signal restored to normal levels."
Z_INM200768A001,Open,G-RAN-BO-VFRO-ZV,Network-Incident,Temperature Alarm,4,Automated alarm for OXV3T60: temperature alarm - immediate action required,6/21/2026 13:45,6/23/2026 13:45,OXV3T60,JJA26,G-RAN-BO-VFRO-ZV,,
Z_INM200634A001,Noticed,G-CORE-OPS,Network-Incident,Backhaul Degradation,4,NMS alert triggered for OXVW3ZP; event: backhaul degradation,6/21/2026 15:25,6/23/2026 15:25,OXVW3ZP,D96QE,G-RAN-BO-VFRO-ZV,,
Z_PRM200697A001,Closed,G-RAN-FO-VFRO-NW,Problem-Management,Chronic VSWR Investigation,2,Root cause investigation: chronic vswr investigation - multiple occurrences on OXV2D54,6/21/2026 15:35,6/21/2026 23:35,OXV2D54,4NLZ1,G-RAN-FO-VFRO-NW,Root cause fixed,Root cause identified as faulty RRU; replacement scheduled.
Z_INM200540A001,Closed,G-TX-OPS,Network-Incident,BTS Out of Service,4,RoboNOC ticket for OXVWM31; detected event: bts out of service,6/21/2026 1:16,6/23/2026 1:16,OXVWM31,1W1HT,G-TX-OPS,Issue resolved,No recurrence observed in the last monitoring window. Ticket correlated with parent problem ticket.
Z_SRM200321A001,Closed,G-RAN-FO-VFRO-SO,Change-Request,Capacity Expansion - 5G,4,Scheduled maintenance: capacity expansion - 5g on element OXVD14V,6/21/2026 1:41,6/23/2026 1:41,OXVD14V,1GHR0,G-CORE-OPS,Root cause fixed,Root cause identified as faulty RRU; replacement scheduled.
Z_INM200659A001,In Progress,G-RAN-FO-VFRO-ZV,Network-Incident,VSWR Alarm,2,NMS alert triggered for OXVZJA8; event: vswr alarm,6/21/2026 22:10,6/22/2026 6:10,OXVZJA8,5PSQ0,G-RAN-FO-VFRO-ZV,Kein Fehler - Ticket zurückgezogen,Additional validation checks completed successfully.
Z_SRM200211A001,Closed,G-CORE-OPS,Change-Request,Power System Upgrade,4,Change request for OXVPUXQ: power system upgrade,6/21/2026 4:48,6/23/2026 4:48,OXVPUXQ,K0GET,G-TX-OPS,Root cause fixed,"Power module replaced on-site, all services operational."
Z_INM200395A001,Noticed,G-RAN-BO-VFRO-ZV,Network-Incident,Fiber Cut Detected,5,Monitoring system detected fiber cut detected on network element OXVCKJL,6/21/2026 8:58,6/24/2026 8:58,OXVCKJL,P0LZJ,G-CORE-OPS,,
Z_INM200098A001,Answered,G-RAN-FO-VFRO-SO,Network-Incident,Latency Threshold Exceeded,4,RoboNOC ticket for OXVSG65; detected event: latency threshold exceeded,6/22/2026 15:13,6/24/2026 15:13,OXVSG65,JEGET,G-RAN-FO-VFRO-NW,Behoben,"Intermittent issue mitigated, root cause still under observation."
Z_INM200617A001,Noticed,G-RAN-FO-VFRO-SO,Network-Incident,Latency Threshold Exceeded,1,NMS alert triggered for OXVPHT0; event: latency threshold exceeded,6/22/2026 15:18,6/22/2026 19:18,OXVPHT0,ZQY72,G-TX-OPS,,
Z_NBL200513A001,Assigned,G-IP-OPS,Network-Build,Fiber Connectivity Setup,4,Scheduled maintenance: fiber connectivity setup on element OXVHV3A,6/22/2026 18:25,6/24/2026 18:25,OXVHV3A,UY0BV,G-IP-OPS,,
Z_INM200629A001,In Progress,G-RAN-FO-VFRO-ZV,Network-Incident,Link Down,3,RoboNOC ticket for OXV43D8; detected event: link down,6/22/2026 1:47,6/23/2026 1:47,OXV43D8,5PY6B,G-CORE-OPS,,
Z_PRM200472A001,Closed,G-IP-OPS,Problem-Management,Repeated Power Failure Pattern,2,Analysis of chronic issue: repeated power failure pattern affecting OXVJ7XV,6/22/2026 20:04,6/23/2026 4:04,OXVJ7XV,5PSQ0,G-RAN-BO-VFRO-ZV,Behoben,Capacity threshold updated to prevent future false alerts. Additional validation checks completed successfully.
Z_NBL200713A001,Closed,G-IP-OPS,Network-Build,Tower Installation,4,Planned activity on OXVHE7U - tower installation,6/22/2026 4:05,6/24/2026 4:05,OXVHE7U,U2GC5,G-RAN-FO-VFRO-NW,Issue resolved,"Power module replaced on-site, all services operational. Network element unreachable briefly; connectivity restored."
Z_INM200332A001,Closed,G-RAN-FO-VFRO-NW,Network-Incident,S1 Setup Failure,4,Monitoring system detected s1 setup failure on network element OXV5935,6/22/2026 8:56,6/24/2026 8:56,OXV5935,KKV9R,G-IP-OPS,Root cause fixed,Ticket correlated with parent problem ticket. Remote reconfiguration applied; monitoring for 24h.
Z_INM200070A001,Open,G-RAN-FO-VFRO-NW,Network-Incident,NodeB Degraded,4,Automated alarm for OXV3W5U: nodeb degraded - immediate action required,6/23/2026 10:17,6/25/2026 10:17,OXV3W5U,QVKIZ,G-IP-OPS,,
Z_INM200118A001,Answered,G-RAN-FO-VFRO-NW,Network-Incident,Fiber Cut Detected,5,RoboNOC ticket for OXVBNHL; detected event: fiber cut detected,6/23/2026 18:01,6/26/2026 18:01,OXVBNHL,WI6FQ,G-IP-OPS,Behoben,"Intermittent issue mitigated, root cause still under observation. Ticket correlated with parent problem ticket."
Z_SRM200208A001,Closed,G-RAN-FO-VFRO-SO,Change-Request,Capacity Expansion - 4G,4,Scheduled maintenance: capacity expansion - 4g on element OXVUJV6,6/23/2026 18:25,6/25/2026 18:25,OXVUJV6,9K9XJ,G-RAN-FO-VFRO-ZV,Root cause fixed,"Network element unreachable briefly; connectivity restored. Antenna realignment completed, coverage restored."
Z_INM200820A001,Assigned,G-RAN-FO-VFRO-SO,Network-Incident,gNodeB Sync Loss,5,RoboNOC ticket for OXVAHXT; detected event: gnodeb sync loss,6/23/2026 19:37,6/26/2026 19:37,OXVAHXT,ZQY72,G-IP-OPS,,
Z_INM200862A001,Closed,G-CORE-OPS,Network-Incident,Transport Congestion,5,RoboNOC ticket for OXVNB4G; detected event: transport congestion,6/23/2026 22:52,6/26/2026 22:52,OXVNB4G,DZR1Y,G-IP-OPS,Root cause fixed,"Temporary degradation observed, system self-recovered."
Z_SRM200384A001,Closed,G-RAN-FO-VFRO-NW,Change-Request,Frequency Re-farming,3,Scheduled maintenance: frequency re-farming on element OXVH2M5,6/24/2026 11:58,6/25/2026 11:58,OXVH2M5,E8F84,G-RAN-BO-VFRO-ZV,Behoben,Vendor dispatched for hardware replacement. Signal fluctuation detected; no persistent fault found.
Z_INM200092A001,Closed,G-RAN-FO-VFRO-ZV,Network-Incident,VSWR Alarm,4,Monitoring system detected vswr alarm on network element OXVUHZ1,6/24/2026 13:07,6/26/2026 13:07,OXVUHZ1,JJA26,G-RAN-FO-VFRO-NW,Behoben,Remote reconfiguration applied; monitoring for 24h.
Z_NEV200285A001,Closed,G-IP-OPS,Network-Event,Network Monitoring Alert,3,Automated alarm for OXVOFQE: network monitoring alert - immediate action required,6/24/2026 18:51,6/25/2026 18:51,OXVOFQE,QLGZU,G-RAN-BO-VFRO-ZV,Root cause fixed,Root cause identified as faulty RRU; replacement scheduled.
Z_NBL200620A001,Closed,G-RAN-FO-VFRO-SO,Network-Build,Fiber Connectivity Setup,4,Planned activity on OXV2D54 - fiber connectivity setup,6/24/2026 19:26,6/26/2026 19:26,OXV2D54,OCWBF,G-TX-OPS,Root cause fixed,Additional validation checks completed successfully.
Z_INM200928A001,Open,G-IP-OPS,Network-Incident,gNodeB Sync Loss,4,Monitoring system detected gnodeb sync loss on network element OXVYKL1,6/24/2026 20:17,6/26/2026 20:17,OXVYKL1,8T63J,G-IP-OPS,,
Z_NBL200002A001,In Progress,G-TX-OPS,Network-Build,New Site Build - Rural,4,Scheduled maintenance: new site build - rural on element OXV43D8,6/24/2026 20:46,6/26/2026 20:46,OXV43D8,QX6GV,G-RAN-BO-VFRO-ZV,,
Z_NEV200956A001,Closed,G-RAN-BO-VFRO-ZV,Network-Event,Threshold Breach Notification,3,Monitoring system detected threshold breach notification on network element OXVR64D,6/24/2026 5:43,6/25/2026 5:43,OXVR64D,UK9E1,G-IP-OPS,Root cause fixed,"Software patch applied, alarm cleared after restart."
Z_INM200464A001,Closed,G-RAN-FO-VFRO-NW,Network-Incident,Transport Congestion,1,NMS alert triggered for OXVCIDK; event: transport congestion,6/25/2026 16:01,6/25/2026 20:01,OXVCIDK,XTOGN,G-RAN-FO-VFRO-NW,Behoben,Remote reconfiguration applied; monitoring for 24h. Ticket correlated with parent problem ticket.
Z_INM200550A001,Open,G-IP-OPS,Network-Incident,Temperature Alarm,5,RoboNOC ticket for OXVR64D; detected event: temperature alarm,6/25/2026 18:40,6/28/2026 18:40,OXVR64D,ZQY72,G-CORE-OPS,,
Z_INM200421A001,Open,G-IP-OPS,Network-Incident,BTS Out of Service,2,RoboNOC ticket for OXVOWF7; detected event: bts out of service,6/25/2026 9:38,6/25/2026 17:38,OXVOWF7,ODRO8,G-TX-OPS,,
Z_SRM200006A001,Closed,G-CORE-OPS,Change-Request,Configuration Change - Transport,4,Planned activity on OXV4V30 - configuration change - transport,6/26/2026 15:30,6/28/2026 15:30,OXV4V30,IGATJ,G-CORE-OPS,Behoben,Network element unreachable briefly; connectivity restored.
Z_INM200319A001,Closed,G-TX-OPS,Network-Incident,High CPU Usage,5,Automated alarm for OXV0LVS: high cpu usage - immediate action required,6/26/2026 16:34,6/29/2026 16:34,OXV0LVS,WRDML,G-IP-OPS,Root cause fixed,"Intermittent issue mitigated, root cause still under observation."
Z_INM200712A001,Open,G-CORE-OPS,Network-Incident,Fiber Cut Detected,5,Automated alarm for OXV2PCN: fiber cut detected - immediate action required,6/26/2026 16:40,6/29/2026 16:40,OXV2PCN,4NLZ1,G-RAN-FO-VFRO-NW,,
Z_INM200444A001,Closed,G-RAN-FO-VFRO-SO,Network-Incident,Link Down,4,Automated alarm for OXVR64D: link down - immediate action required,6/26/2026 17:31,6/28/2026 17:31,OXVR64D,D96QE,G-IP-OPS,Issue resolved,Remote reconfiguration applied; monitoring for 24h.
Z_INM200471A001,Closed,G-RAN-FO-VFRO-ZV,Network-Incident,Störung - RBS - Nokia 3G,4,Monitoring system detected störung - rbs - nokia 3g on network element OXVQP89,6/26/2026 23:49,6/28/2026 23:49,OXVQP89,D96QE,G-RAN-BO-VFRO-ZV,Root cause fixed,Manual intervention performed: service restarted and stability confirmed.
Z_INM200503A001,Closed,G-RAN-FO-VFRO-ZV,Network-Incident,Packet Loss High,2,NMS alert triggered for OXVGV0E; event: packet loss high,6/27/2026 13:27,6/27/2026 21:27,OXVGV0E,QLGZU,G-TX-OPS,Root cause fixed,Manual intervention performed: service restarted and stability confirmed. Ticket correlated with parent problem ticket.
Z_NEV200961A001,Closed,G-RAN-FO-VFRO-SO,Network-Event,Performance Degradation Detected,5,RoboNOC ticket for OXVUHZ1; detected event: performance degradation detected,6/28/2026 11:42,7/1/2026 11:42,OXVUHZ1,XFGCA,G-CORE-OPS,Root cause fixed,Vendor dispatched for hardware replacement.
Z_NEV200173A001,Closed,G-RAN-FO-VFRO-SO,Network-Event,Network Monitoring Alert,3,Automated alarm for OXVXAJI: network monitoring alert - immediate action required,6/28/2026 16:33,6/29/2026 16:33,OXVXAJI,1GHR0,G-RAN-FO-VFRO-ZV,Behoben,Hardware module reset remotely. Traffic restored without errors. Vendor dispatched for hardware replacement.
Z_SRM200217A001,Closed,G-CORE-OPS,Change-Request,Fiber Re-route,3,Planned activity on OXVWM31 - fiber re-route,6/28/2026 19:24,6/29/2026 19:24,OXVWM31,JEGET,G-IP-OPS,Root cause fixed,"Temporary degradation observed, system self-recovered."
Z_SRM200178A001,Open,G-CORE-OPS,Change-Request,Hardware Replacement - BBU,4,Change request for OXVPVS7: hardware replacement - bbu,6/28/2026 21:26,6/30/2026 21:26,OXVPVS7,2KNFT,G-RAN-FO-VFRO-ZV,,
Z_PRM200581A001,Closed,G-TX-OPS,Problem-Management,Systematic Packet Loss Root Cause,3,Problem investigation for recurring systematic packet loss root cause on OXVFEL6,6/28/2026 2:56,6/29/2026 2:56,OXVFEL6,XTOGN,G-CORE-OPS,Issue resolved,Capacity threshold updated to prevent future false alerts. Vendor dispatched for hardware replacement.
Z_INM200958A001,In Progress,G-IP-OPS,Network-Incident,BTS Out of Service,3,NMS alert triggered for OXV1T2T; event: bts out of service,6/28/2026 4:45,6/29/2026 4:45,OXV1T2T,3RZSJ,G-CORE-OPS,No impact confirmed,Issue correlated with planned maintenance. No action needed.
Z_INM200366A001,Closed,G-RAN-BO-VFRO-ZV,Network-Incident,X2 Link Failure,2,Automated alarm for OXVZJA8: x2 link failure - immediate action required,6/28/2026 5:38,6/28/2026 13:38,OXVZJA8,XTOGN,G-IP-OPS,Issue resolved,Network element unreachable briefly; connectivity restored. Root cause identified as faulty RRU; replacement scheduled.
Z_INM200675A001,Assigned,G-IP-OPS,Network-Incident,Fiber Cut Detected,1,Automated alarm for OXVYIHA: fiber cut detected - immediate action required,6/29/2026 1:30,6/29/2026 5:30,OXVYIHA,3R30M,G-IP-OPS,,
Z_NBL200363A001,Closed,G-RAN-BO-VFRO-ZV,Network-Build,Power System Installation,3,Scheduled maintenance: power system installation on element OXV253J,6/29/2026 20:09,6/30/2026 20:09,OXV253J,08P0F,G-TX-OPS,Root cause fixed,"Configuration rollback performed, service normalized. Remote reconfiguration applied; monitoring for 24h."
Z_SRM200782A001,Noticed,G-RAN-FO-VFRO-ZV,Change-Request,Configuration Change - Transport,4,Change request for OXV1T2T: configuration change - transport,6/3/2026 13:47,6/5/2026 13:47,OXV1T2T,WI6FQ,G-CORE-OPS,,
Z_NEV200794A001,Open,G-RAN-FO-VFRO-NW,Network-Event,Planned Maintenance Window,4,RoboNOC ticket for OXVX7EE; detected event: planned maintenance window,6/3/2026 17:24,6/5/2026 17:24,OXVX7EE,ZQY72,G-TX-OPS,,
Z_SRM200887A001,Noticed,G-RAN-FO-VFRO-ZV,Change-Request,Parameter Optimization,3,Planned activity on OXVXO9T - parameter optimization,6/3/2026 20:34,6/4/2026 20:34,OXVXO9T,ODRO8,G-CORE-OPS,,
Z_SRM200295A001,In Progress,G-TX-OPS,Change-Request,Capacity Expansion - 5G,4,Planned activity on OXVOKEP - capacity expansion - 5g,6/3/2026 22:03,6/5/2026 22:03,OXVOKEP,Y4LYK,G-CORE-OPS,No impact confirmed,No recurrence observed in the last monitoring window.
Z_INM200913A001,Closed,G-RAN-BO-VFRO-ZV,Network-Incident,High CPU Usage,3,Automated alarm for OXVWJ0T: high cpu usage - immediate action required,6/3/2026 9:41,6/4/2026 9:41,OXVWJ0T,Y4LYK,G-RAN-FO-VFRO-NW,Behoben,Ticket correlated with parent problem ticket.
Z_NBL200466A001,In Progress,G-RAN-FO-VFRO-ZV,Network-Build,Power System Installation,4,Change request for OXVWM31: power system installation,6/4/2026 0:07,6/6/2026 0:07,OXVWM31,FTMTT,G-RAN-FO-VFRO-NW,Workaround applied,Manual intervention performed: service restarted and stability confirmed.
Z_INM200693A001,Noticed,G-IP-OPS,Network-Incident,Störung - RBS - Ericsson 5G,3,Automated alarm for OXV4V30: störung - rbs - ericsson 5g - immediate action required,6/4/2026 17:56,6/5/2026 17:56,OXV4V30,XR2DH,G-RAN-BO-VFRO-ZV,,
Z_NEV200650A001,Closed,G-RAN-FO-VFRO-SO,Network-Event,Automated Recovery Triggered,3,Monitoring system detected automated recovery triggered on network element OXV6IVW,6/4/2026 9:44,6/5/2026 9:44,OXV6IVW,D5EQY,G-RAN-FO-VFRO-NW,Issue resolved,Redundancy failover confirmed working; primary link under repair.
Z_INM200574A001,Noticed,G-RAN-FO-VFRO-NW,Network-Incident,Fiber Cut Detected,2,NMS alert triggered for OXVCKJL; event: fiber cut detected,6/5/2026 15:31,6/5/2026 23:31,OXVCKJL,FTMTT,G-RAN-FO-VFRO-NW,,
Z_INM200227A001,Noticed,G-RAN-BO-VFRO-ZV,Network-Incident,Cell Unavailable,5,Monitoring system detected cell unavailable on network element OXVFEL6,6/5/2026 19:17,6/8/2026 19:17,OXVFEL6,D84U8,G-TX-OPS,,
Z_INM200648A001,Open,G-CORE-OPS,Network-Incident,Störung - RBS - Ericsson 5G,4,Monitoring system detected störung - rbs - ericsson 5g on network element OXV9XUY,6/5/2026 19:23,6/7/2026 19:23,OXV9XUY,JEGET,G-IP-OPS,,
Z_NEV200757A001,Noticed,G-CORE-OPS,Network-Event,Threshold Breach Notification,3,Monitoring system detected threshold breach notification on network element OXVCQ99,6/5/2026 1:08,6/6/2026 1:08,OXVCQ99,08P0F,G-RAN-FO-VFRO-NW,,
Z_NEV200512A001,Closed,G-RAN-FO-VFRO-NW,Network-Event,Automated Recovery Triggered,4,RoboNOC ticket for OXV08J3; detected event: automated recovery triggered,6/5/2026 20:17,6/7/2026 20:17,OXV08J3,ODRO8,G-TX-OPS,Root cause fixed,Remote reconfiguration applied; monitoring for 24h. Capacity threshold updated to prevent future false alerts.
Z_SRM200993A001,In Progress,G-RAN-BO-VFRO-ZV,Change-Request,Parameter Optimization,3,Scheduled maintenance: parameter optimization on element OXV48P0,6/5/2026 23:54,6/6/2026 23:54,OXV48P0,QX6GV,G-RAN-FO-VFRO-ZV,,
Z_NBL200597A001,Noticed,G-RAN-FO-VFRO-NW,Network-Build,Fiber Connectivity Setup,3,Planned activity on OXVX18H - fiber connectivity setup,6/5/2026 3:32,6/6/2026 3:32,OXVX18H,08P0F,G-RAN-FO-VFRO-ZV,,
Z_SRM200947A001,In Progress,G-RAN-BO-VFRO-ZV,Change-Request,Capacity Expansion - 4G,5,Planned activity on OXVA0L7 - capacity expansion - 4g,6/5/2026 3:38,6/8/2026 3:38,OXVA0L7,VIFTT,G-TX-OPS,,
Z_INM200103A001,Assigned,G-CORE-OPS,Network-Incident,Cell Unavailable,3,Monitoring system detected cell unavailable on network element OXVGQPK,6/6/2026 11:11,6/7/2026 11:11,OXVGQPK,3R30M,G-RAN-BO-VFRO-ZV,,
Z_NEV200018A001,Assigned,G-CORE-OPS,Network-Event,Network Monitoring Alert,4,NMS alert triggered for OXVDPPQ; event: network monitoring alert,6/6/2026 13:09,6/8/2026 13:09,OXVDPPQ,XFGCA,G-TX-OPS,,
Z_SRM200722A001,Assigned,G-RAN-FO-VFRO-NW,Change-Request,Software Upgrade - Huawei RAN,4,Scheduled maintenance: software upgrade - huawei ran on element OXVI7P5,6/6/2026 19:29,6/8/2026 19:29,OXVI7P5,DZR1Y,G-IP-OPS,,
Z_INM200583A001,Closed,G-TX-OPS,Network-Incident,BTS Out of Service,4,NMS alert triggered for OXVFEL6; event: bts out of service,6/6/2026 20:46,6/8/2026 20:46,OXVFEL6,KKV9R,G-RAN-FO-VFRO-NW,Root cause fixed,Manual intervention performed: service restarted and stability confirmed.
Z_INM200944A001,Closed,G-IP-OPS,Network-Incident,Fiber Cut Detected,1,NMS alert triggered for OXVXLL4; event: fiber cut detected,6/6/2026 21:42,6/7/2026 1:42,OXVXLL4,1GHR0,G-RAN-BO-VFRO-ZV,Issue resolved,"No recurrence observed in the last monitoring window. Configuration rollback performed, service normalized."
Z_INM200578A001,Assigned,G-IP-OPS,Network-Incident,Backhaul Degradation,3,NMS alert triggered for OXVPUXQ; event: backhaul degradation,6/7/2026 11:30,6/8/2026 11:30,OXVPUXQ,9K9XJ,G-TX-OPS,,
Z_NEV200488A001,Noticed,G-CORE-OPS,Network-Event,Performance Degradation Detected,4,RoboNOC ticket for OXVLY8O; detected event: performance degradation detected,6/7/2026 1:15,6/9/2026 1:15,OXVLY8O,49ITN,G-TX-OPS,,
Z_INM200341A001,Assigned,G-RAN-FO-VFRO-SO,Network-Incident,S1 Setup Failure,3,NMS alert triggered for OXVHZIO; event: s1 setup failure,6/7/2026 1:19,6/8/2026 1:19,OXVHZIO,K0GET,G-TX-OPS,,
Z_INM200716A001,Assigned,G-TX-OPS,Network-Incident,High CPU Usage,3,Automated alarm for OXVSG65: high cpu usage - immediate action required,6/7/2026 3:02,6/8/2026 3:02,OXVSG65,YFPMV,G-RAN-BO-VFRO-ZV,,
Z_SRM200683A001,Closed,G-RAN-FO-VFRO-NW,Change-Request,Parameter Optimization,3,Change request for OXVTEIY: parameter optimization,6/7/2026 6:48,6/8/2026 6:48,OXVTEIY,3NX39,G-RAN-FO-VFRO-NW,Root cause fixed,Issue correlated with planned maintenance. No action needed.
Z_SRM200731A001,In Progress,G-CORE-OPS,Change-Request,Site Integration - New Build,4,Planned activity on OXVCVS4 - site integration - new build,6/8/2026 11:31,6/10/2026 11:31,OXVCVS4,V2ISQ,G-RAN-FO-VFRO-ZV,Escalated to vendor,Remote reconfiguration applied; monitoring for 24h.
Z_INM200093A001,Closed,G-TX-OPS,Network-Incident,X2 Link Failure,4,RoboNOC ticket for OXVTRP0; detected event: x2 link failure,6/8/2026 12:56,6/10/2026 12:56,OXVTRP0,IGATJ,G-CORE-OPS,Issue resolved,"Intermittent issue mitigated, root cause still under observation. Hardware module reset remotely. Traffic restored without errors."
Z_INM200374A001,Open,G-RAN-FO-VFRO-SO,Network-Incident,Backhaul Degradation,2,Automated alarm for OXV8JDP: backhaul degradation - immediate action required,6/8/2026 20:57,6/9/2026 4:57,OXV8JDP,ODRO8,G-CORE-OPS,,
Z_NBL200903A001,In Progress,G-RAN-FO-VFRO-ZV,Network-Build,New Site Build - Rural,4,Scheduled maintenance: new site build - rural on element OXV3T60,6/8/2026 22:43,6/10/2026 22:43,OXV3T60,ODRO8,G-CORE-OPS,Monitoring ongoing,No recurrence observed in the last monitoring window.
Z_SRM200795A001,Assigned,G-RAN-BO-VFRO-ZV,Change-Request,Configuration Change - Radio,4,Change request for OXVL58K: configuration change - radio,6/8/2026 8:20,6/10/2026 8:20,OXVL58K,GB7R3,G-RAN-BO-VFRO-ZV,,
Z_INM200805A001,Noticed,G-RAN-FO-VFRO-ZV,Network-Incident,Temperature Alarm,5,Automated alarm for OXVC11E: temperature alarm - immediate action required,6/9/2026 0:51,6/12/2026 0:51,OXVC11E,P49KW,G-IP-OPS,,
Z_PRM200598A001,Answered,G-RAN-FO-VFRO-SO,Problem-Management,Intermittent Cell Unavailability,3,Root cause investigation: intermittent cell unavailability - multiple occurrences on OXVSG65,6/9/2026 22:18,6/10/2026 22:18,OXVSG65,V2ISQ,G-TX-OPS,Behoben,No recurrence observed in the last monitoring window.
Z_PRM200404A001,Noticed,G-RAN-FO-VFRO-ZV,Problem-Management,Systematic Packet Loss Root Cause,2,Problem investigation for recurring systematic packet loss root cause on OXVH2M5,6/9/2026 6:42,6/9/2026 14:42,OXVH2M5,5PSQ0,G-RAN-FO-VFRO-ZV,,
